content,label
photo new including based photography located club overseas major around ,1
journalists national black association,1
palm area desert news events calendar photos california newspaper coachella ,1
news local breaking sports weather amp oregon,1
new colorado news aspen delivering sports weather aspentimescom pitkin country ,1
politics natalie life union green culture serving news journalistbroadcaster peace ,1
fungus river harar jagalan niger redux insect travel restaurants hong ,1
zurkhaneh magazine pictures tso outside report food hunter kham creative ,1
frontières défense madrid tripoli plus promotion linternational dans assure genève ,1
area classifieds local celebrity connecticut scores news fairfield stamfordadvocate estate ,1
lorganisation à tunis et dc bienvenue continents liberté la correspondants ,1
news arts political latest world culture business internet entertainment around ,1
government giuliani democrat opinion comprehensive anywhere polls hillary rasmussen reports ,1
litang termites dessert freelance zurchane fula west ethiopia kong indonesia ,1
syndication custom rss feeds search news across breaking set media ,1
salem news christiansburg leading blacksburg va roanokecom times breaking sports ,1
photography jonathan elderfield,1
photography development founded first photographers public photographic medium home dedicated ,1
governer republican obama president george public politics america look elections ,1
area classifieds celebrity connecticut scores greenwichtime news fairfield estate information ,1
image images cain,1
domnec multimedia carles fotografa,1
journalists businesses tools responsesource media including wire enquiry connecting people ,1
provides leading members practices change provider trends news sharing media ,1
welcome news publishers website newspapers wanifra association world,1
alaska freelance anchorage based commercial photographer editorial holmes photojournalist loren ,1
journalist steve dow,1
check news homes entertainment local jobs breaking sports philadelphia source ,1
portfolio work documentary usa food still australia examples projects across ,1
pushing lab journalism nieman future,1
cnn latest stations events marr cover world newspaper journalism journalist ,1
wigquincy photography know source news missouri breaking heraldwhig latest herald ,1
conservation pitch online emphasis editor kathryn magazine relations kathryncampbellorg brochure ,1
indepth westcentral northeast illinois home newslocal newsphotos whigquincy sports ,1
international canadiens origines accueil cbcradiocanada et toutes site pour valeurs ,1
hindu leading economy research updates politics news auto bse market ,1
chartwell photographer jack lyd mead jubilee trewsbury union thames well ,1
news worlds monitoring fairness editorsono media ombudsmen organization accuracy balance ,1
journalists news latest around worldwide defending committee protect freedom globe ,1
site newspaper presidential williams k business congressional campaigns website clinton ,1
group foia inc,1
welcome health writer experienced content freelance collier tillis white ghostwriter ,1
trending information watch latest world audio happenings issues coverages national ,1
new bruins news opinion arts breaking globe yearround celtics red ,1
leading local costa beyond lifestyle source times alameda baytimes news ,1
tradition news opinion spin reporting media unbiased world conservative journalism ,1
show photo new hips europe photographer mandate prague notes brantly ,1
carribean club zurich harrison anastasis photojournalism stephens benin africa unmil ,1
warder leve geschiedenis lewis lieve karel ed archief zwartwit dylaby ,1
portraits independent picture founded photographers events historical library known archival ,1
headlines stories news missouri entertainment newsleader local newspaper page sports ,1
opendemocracy home,1
obituaries new news events opinion arts hanover outdoors chesterfield kent ,1
stories reformers news inspire lesserknown heroes positive unsung pioneers india ,1
photo photography freelance fotografie photographer photographie timdirven fotograaf timdirvencom tim ,1
classifieds moines jobs sales urbandale iowa west source coupons politics ,1
webcamssnow detailed resorts conditions weathersnow informationsnow forecastpiste reviews world live ,1
wedding posed dallas day weddingsfort photobooth uses ,1
stories david portfolio africa cairo organizations telling photojournalist publications commercial ,1
multimedia technology breaking media network provide life world journalism citizen ,1
multimedia estate breaking photo globe globegazettecom media wow obits latest ,1
photography home matt suess,1
greensboro tobacco guilford winstonsalem logistics city surry piedmont wghp point ,1
images contact press,1
brook central w welcome york frank meadow focus polo white ,1
thousands newspaper online onlinenewspaperscom newspapers listed world directory web,1
photo dentreprise professionnel vidaste colin et vido en hlicoptre arienne ,1
high cougars city coverage jazz analysis entertainment school sports salt ,1
underworld murdoch industry magazine herald broadcast watch jones broadcaster creative ,1
relations get search international publishing speakers organizations expertise writers shows ,1
maynard institute,1
trusted launches bay nasa floridatodaycom palm canaveral beach entertainment coasts ,1
worlds find brands read producer beers social discover producers responsibility ,1
news standardexaminer county standardnet weber davis,1
barton reporter political tom,1
special new kirghizia photographer cis collection kyrgyzstan based barth kirgizstan ,1
forum poetry political justice culture ideas joshua fiction independent boston ,1
photographersflashisrael israeli photojournalism press agency,1
top us headlines view cnn news driving finance latest world ,1
new photographer karen tech film karenbackcom page back filmmaker handcoded ,1
weird uexpress j richard shribman see kids focus tell best ,1
viral entertainment epapermidday crime sports portal happening around whats galleries ,1
op verdwijnt dewi live foto avonturen bagara love pres filmt ,1
new artists politics kosovo photographer campaign photographs florida hillary obama ,1
temperature precipitation sun relative weatheronline warning information world bbc geopotential ,1
mash satire daily,1
corporation writers food wine content improve travel membership public tourism ,1
photo comprehensive reporting one free world rferl union former soviet ,1
reporting global fairley peter environment energy,1
experienced run across city rates headquartered editorial home professional skills ,1
information world newsvideo business newsruetersroitersmarkets entertainment video pictures around newsworld ,1
trumpjohn atwaljustin zuckerdavid crowenational thoughtprovoking health hours research caller providing ,1
principal reverend documentary portraits within pictures joan boom watson river ,1
news entertainment local worcester telegramcom sports politics,1
fashion london photographer portrait gray based charlie uk international,1
news breaking fortune business daily,1
photographer david gordon,1
estate breaking foothills tucsoncom oro arizona u star wildcats catalina ,1
policy lawmakers morris beautiful dick campaign hill political juan lobbyists ,1
ss clippings newpaper local family top united us beyond research ,1
discussions stories news patch events local breaking everything network sites ,1
news investigations video breaking opinions al jazeera documentaries world,1
chronicle restaurants news austin events music reflects alternative guide texas ,1
data news kirk whether covering media social journalism multiplatform blog ,1
community front part interests page peoples based find online reddit ,1
uc news ca studentrun berkeley community newspaper californian campus independent ,1
home mediabistro,1
surf onsite station forecast storm youre alert matter flow wind ,1
jones dafydd,1
languages health international farming politics broadcasts headlines search news events ,1
news local first register best valley napa,1
also photo see photographer die based davey unforgettable photography author ,1
indepth journal happens coverage business updated listings event entertainment indiana ,1
corporate industrial isett stuart photographer commercial head seattle editorial shotcommercial ,1
culture idols icons roll stars live zeppelin sex ian photograph ,1
lee news government local indiana newspaper breaking crime sports enterprises ,1
news affairsgermanyeuropean newscurrent europe tv stream watch world germany unionbreaking ,1
crimson harvard,1
produces sets well light magazines highly environment aaron skilled headshots ,1
los portraits la fashion weingart acclaimed specialties photographer include music ,1
quadcities local iowa times quadcity news quad events hawkeyes island ,1
reports news provides worldwide longrange forecasts maps local underground tropical ,1
restaurants news entertainment seattle local opinion politics sports pacific travel ,1
lobbying senate white pelosi top us obama endorsements politics read ,1
reads digest official weight updated inspiring subscribe find rate lowest ,1
stories stay local informed montgomeryadvertisercom health advertiser alabama headlines ,1
stories stay local informed newsdover headlines news depth delaware delawareonline ,1
welcome impactdigitalscom,1
features professionals shutterstock rex animal editorial lifestyle feature celebrity business ,1
india square simultaneously network cricket today latest world owned bengal ,1
images chill weatherserver summer sea tempo surf historic station forecast ,1
stories victoria local including read melbourne afl headlines news breaking ,1
news entertainment including lifestyle sport weather nsw latest times delivers ,1
restaurants clive johnston desmoinesregistercom ankeny real schools garage weather des ,1
stories videos pop news nbcnewscom nbc local go breaking top ,1
issues archive industry business global cities delivers reports journalist knowledge ,1
connect news distribution cnw help marketing group targeting press solutions ,1
freedoms interactive historic theaters building eyes quickly engaging visit avenue ,1
insites online industry editor technology greater magazine subediting subbing surrey ,1
kolkata calcutta headquarters football cinema newspaper founded siliguri awards business ,1
journalists members bolster serves leading club organization services social professional ,1
europe americas photographer england context focustravel photography culture us publicity ,1
videos news technology flagship health magazine covers articles politics culture ,1
dear william menu astrology coulter anne john lyons geyer byron ,1
chronicle area news food warriors ers exclusive breaking sports coverage ,1
photo zuma indonesia mauritania sudan photographer hot mali ballooning essay ,1
join year id videographers access association us members page international ,1
adventurers marine racing passage route routing gulf navigators stream tacticians ,1
videos news st photos startribune twin beyond sports paul weather ,1
commentator broadcaster hawksley author humphrey,1
south pacific founded australia fca foreign association correspondents,1
journalism massachusetts coverage editorials sox engaging boston spotlight food entertainment ,1
technology breaking media network archives finance latest world film wn ,1
eccentricity reenactments small shinkicker flugtag project centerparcs dogs longleat devizes ,1
rojas peter,1
las source politics vegas news opinion awardwinning sun locally owned ,1
latinos nahj news,1
musicprofessional michael commissionsmagazine londonlimited edition robert photographercelebrity headshots ,1
ramhorn mamiya turkmenistan photographer tribal festival shaolin mentawai dog diafarabe ,1
news things indystar local indiana breaking sports newsheadlinesstoriesworld source indianapolis ,1
n photographer renowned music roll advertising barwell rock ami portrait ,1
site found configured,1
newsmumbai life latest world regional get city cinema mumbainational coverage ,1
new abq news entertainment journal sports business albuquerque mexico,1
connection timed wwwvoatco,1
pennsylvania inside dynamic newseum tripadvisor first museum amendment show handson ,1
cspan nonfiction national cspans video coverage archived gives cspanorg history ,1
folk davis big mississippi blues hendrix experienced brother band one ,1
overseas speaker award opcs keynote awards april dinner club best ,1
stories news hindi updates newstracklive read track newstrack,1
movies biggest showbiz news television games films tv film tech ,1
cricket henderson page worst writer nigel home hendeson sports football ,1
specializes york branded advertising photojournalist content nyc chalasani travel radhika ,1
photography javier arcenillas,1
syndicated day uexpresscom pet brazile selfhelp buying buckley planner burns ,1
eaters voodoo lak industrial beirut papua laif phuket chinese cooking ,1
new sentinel lewis local living opinion sports central madison oneida ,1
center brits druids kicker mildenhall plane stag zouch wetton mundesley ,1
scott liberia pictures parker york photojournalist anastasisa night clubs photos ,1
writerphotographer photographs best editors books photography genealogy page magazines readers ,1
drought travel onlineweather sailing shine storm hail climate synops weer ,1
shop carolina greenvilleonlinecom greenville anderson south mauldin greater sports around ,1
one free world directory minimal release reach service target place ,1
photo connecting home matter stories press world,1
kite sail windalert kitesurf tropical makes report windsurf kiteboard fishweather ,1
page lansing stock magazine pictures eye daymon report exhibitions cutting ,1
keykeh specializes photographer geographic kike calvo pronounced national journalist creative ,1
create web website hosting tripod,1
aba internet movies dependable turner interactive war search hadley bondi ,1
obituaries state videos events news blogs estate caucus fair breaking ,1
journalism news things investigative burlingtonfreepresscom local page press updated sports ,1
photo vii albanians ladefoged photographer danish journalism film director viiphoto ,1
diamond muster lunch british springs rons monarchy writer river pageant ,1
get nation news michigan world photos local detroit video breaking ,1
central health ibjcom news blogs multimedia estate breaking arts indianapolis ,1
fm journalism shipping live audio science music photos energy newspaper ,1
dinformer monde site bruxelles sur répartis de rsf paris washington ,1
weather county twin joines classifieds smith lewisville transportation north wake ,1
everything clients books traditional magazines ferdinand individual language nonfiction pamela ,1
classifieds community north bonita san estero springs lehigh carlos news ,1
photo dallara pine lands louis,1
communications center college journalism information uf freedom brechner,1
photography akash gmb,1
early pitch collaborative build beautifully collaboratively helps teams access sign ,1
local bloomington central obituaries state pantagraph news isu blogs blono ,1
films news vrij parijs elsken wolfsburg publishing jackson nfa fragment ,1
shlomo photography home benyaacov,1
humanitarian conrad ngo institutional news photojournalism africa documentary conflict malnutrition ,1
learning master businesses design interface individuals passionate presentation publishing initiative ,1
bloomberg robot,1
stories headlines get news events happenings journal city insights find ,1
media school journalism hussman unc,1
videos news newscurrent breaking photo horoscope trending india cricket midday ,1
colonial writer covering team medieval travel freelance kris challenges america ,1
global emphasis diana people usa devon writer publicist dicker uk ,1
news grizzlies breaking tn memphis high university tennessee appeal football ,1
releases editing annual energy travel experts publications appeal jr public ,1
hans abry konzert von foto und bluessession homepage,1
home committee reporters freedom press,1
mixing business wolman pleasure baron since photography,1
stock investment news national foxbusiness quotes breaking newsfoxbusiness foxbusinesscom investing ,1
headlines fc news worlds newsnow track tottenham sports platform liverpool ,1
affairs stories dw newsgerman dive beyond top current international german ,1
high cougars city coverage jazz analysis entertainment school sports salt ,1
news entertainment local sports sun gainesville fl politics,1
titans coast local footy headlines afl news breaking queensland latest ,1
examines pew research questions state new facing economic news report ,1
organised writers dickie media australia run cycling flyfishing fitzgerald journalism ,1
watch political cbs latest world get live travel business cbsnewscom ,1
project opinion page syndicate ps world worlds,1
news stars slides stocks parties daily agency text dicaprio britney ,1
montreal stories headlines news quebec stay updates uptodate current much ,1
bangkok corporate working produce photographer clients unique realfeatures cartier based ,1
newspaper freelance public campbell home sales writing materials business articles ,1
clients marriage state camera collection detroit lasting pricing video exhibits ,1
stories roberts sarah interviews transparencies faces aniston syndication musicians article ,1
iran afghanistan europe news government blogs multimedia bureaus report press ,1
bowie acoustic newer folk shooting hendrix spans add ranging ,1
community ignite change reader providing news breaking nonprofit good advertisingfree ,1
books fotografie handen time documenta edam eye death de exhibitions ,1
headlines andhrabhoomi news homepage newspaper portal telugu paper daily,1
local york read countys obituaries pa record leader news breaking ,1
area classifieds news entertainment sfgate local traffic celebrity sports updated ,1
article mix advertising interactive marketing agencies cable commentary agency advertisements ,1
news broadcast tv business broadcasting cable digital,1
videos news city updates photos exclusive breaking evening mysuru latest ,1
cinematographer photographers photojournalist ottawa videographer commercial government editorial gablehead lifestyle ,1
publicity inclusion advertising site marketing industry release send affordable business ,1
finding reporting statistics background internet sources research ethical australian directories ,1
news channel leading entertainment kitv local traffic breaking sports counties ,1
suspended account,1
area news entertainment residents local naples sports current florida tourists ,1
leading brings todays headlines news breaking fitness india herald latest ,1
different live voice coverage debates independent open blasting every verified ,1
affairs community entertainment issues qnews australias current media much covering ,1
chronicle newspaper rochester democratandchroniclecom opinions updated home c things page ,1
writer boone mary,1
stories science news stay opinion technology top politics sports bollywood ,1
tools awards companies media spokespersons events expert helps individuals releases ,1
affairs current movies updates politics news malayalam breaking vastest network ,1
holmquists micah thoughts irregular links,1
commentaries post planner media print resource buyer reps publications story ,1
workout fitness videos leaner energised trainer online fitter home julia ,1
photo hayley anderson photographytravel guide journalisttour,1
provides exclusive current chandrayaan indian headlines news opinion technology breaking ,1
get news entertainment local breaking sports uticaod latest utica ny ,1
event check photography bands ultimately developing ultimate live site back ,1
artists worlds photographer music including oasis gallagher clapton dylan pogues ,1
exclusive source updates canadian headlines news events breaking post photo ,1
photography luxury horsefestival east khao mongolia thailand cult sufi engelhorn ,1
photozen conflict imaging postconflict,1
stories mediapost sales buyers advertisers providing publishing news conferences tv ,1
headlines stories area clarionledger news world jackson stop ms local ,1
daniel center photography avila,1
finance identity free credit expert analysis retirement decisions topics bankratecoms ,1
photos craigslist commercial basketball midsouth tigers school video crime sports ,1
need broadcasting grab talking real one step world horns school ,1
lifestyles news community events entertainment courier vancouver local opinion sports ,1
nevada classifieds news community yellow entertainment journal newspaper gazettejournal reno ,1
classifieds news dakota local classified nd tribune north sports bismarck ,1
also reporting new center reported research players state pew models ,1
education source baseball kernersville law state news league minor media ,1
news events breaking information unon indepth nj home courier page ,1
contests contest interesting bizarre fark millions curtis humorous sports social ,1
photographers advertising band one unsigned uk londonunsigned londonrock prints ,1
community ga rosen department group internet interested state chair endowed ,1
corps somerby politics columnists political logic simplest first applies daily ,1
stories plus jokes health reader loss hilarious advice great site ,1
creators home syndicate,1
olmsted food real tennis weather county classifieds courts winona photography ,1
victoria news colonist city local bc times daily,1
stories local including read headlines news breaking darwin latest world ,1
forums film music calendars newspaper savage listings seattles restaurant love ,1
relations distribution mediaroom pressroom traditional promotion rss services powered releases ,1
unavailable service,1
relations distribution provides health public seeking experts news press medical ,1
food world homepage programme,1
news advertising technology breaking media adweek,1
creating brings companies helps imagery libraries awareness statement align forward ,1
create web website hosting tripod,1
post stltodaycom newspaper business listings louis website parenting entertainment dispatch ,1
le berlin compte les partout reporters basée vienne cinq bureaux ,1
new trends agents search translation collaboration masternewmedia technology emarketing kudos ,1
tropical photographer covered years hardship snow holmberg photography bjrnowe films ,1
photographer ultra style created shoots classic images capturing traditional ,1
matic photojournalist dragan,1
cpu media trust,1
newsroom ucla,1
information pantagraphcom redbirds u high university illinois restaurants entertainment normal ,1
economy funds read times trends economic news mutual estate bse ,1
reporting byrne investigative peter,1
news entertainment suntimes sports chicago weather politics,1
stories newsmidday top exclusive current mumbai style updates paper headlines ,1
advertising events photographers shooting washington annual creates agencies clamage approach ,1
newswomens new women exclusively journalists area york established organization newswomen ,1
leading plus lifestyle source newsday nyc news island breaking long ,1
headlines hindu news live entertainment arts breaking sports politics india ,1
stories washingtons news traffic top washington dc wtop see weather ,1
asian age home,1
news newspapers media abyz links,1
news breaking latest get city photos newspaper entertainment bangalore video ,1
events press breaking latest world upi science upicom business delivers ,1
surrounding opinion breaking gabriel long photos business beach things entertainment ,1
photo jimi artists photographer music sherry barnett photorock decades performances ,1
philippe entire concert punk welcome constantly u plan candid project ,1
classifieds autos st local jobs lifestyle stltoday news estate breaking ,1
news communication excellence snd enhancing society design around visual journalism ,1
website news world newspapers publishers wanifra welcome association,1
documentary photojournalism website photoarts leading independent fine art photography exhibition ,1
radio civic social len life bigger engagement jay association cjig ,1
error satisfied could request,1
st appel welkom filmmaker pathos amsterdam hogeland famous port leven ,1
breaking reporting life latest world indepth journal wall business analysis ,1
headlines news entertainment popular viewed technology breaking sports around know ,1
american journalists authors society,1
affairs siasat current health news technology telangana india political latest ,1
new social united photography stories london archive photojournalism reviews foto ,1
nashville home post,1
fashion chicago photographer commercial lifestyle portrait director john headshot videography ,1
photography photojournalism portrait product portraits canada blair headshots gable specializes ,1
pop spice michelle creek actress group music famous pitt ronan ,1
photojournalists many media photographers events organization receive old allows home ,1
web developer photographer johnston website showcasing portfolio coding jackie work ,1
jimi holding counterculture photographer music photographs baez chambers mimi francisco ,1
stories search news events listing advertising resources marketing job design ,1
news provides government local insight governing analysis nonpartisan state,1
lady news festival ears tn university tennessee sentinel knoxville photos ,1
industrial training production england mentoring gault croydon news london member ,1
community comment contribute anyone weblog link metafilter,1
page education journalism front association,1
journalists care ahcj health association,1
distribution effort services sites releases paid helps press media market ,1
reports biology corporate astronomy reporting science book grant pamphlets specializing ,1
writing arts reporting arizona resource readers culture compelling independent restaurants ,1
headlines trends news events happenings calgary herald watch including find ,1
consultant writings classroom articles issues privatization globalization government website notepad ,1
india finance market latest stock get live nifty bsense business ,1
panthers ziggys davidson joel buffett mayor politics salem airport journalnowcom ,1
des la plus site bienvenue assure les reporters libert base ,1
bob baker newsthinking,1
stories united top us current health international todays headlines news ,1
hountas new photographer york music photographs based editorial featuring portfolio ,1
photography curtsinger bill,1
local source san los providing valley videos news opinion breaking ,1
photo export anywhere images access organise customisable use digital gallery ,1
new includes worlds photographs fair park created howard black photojournalism ,1
stories stay local largest current toronto canadian headlines news across ,1
movies land verliefde x saint prs life hotel des eyeloveyou ,1
union photography soviet sections photojournalism kyrgyz online portrait people sports ,1
allegre drew photography fahrenheit,1
new corporate diani photographer style lighting based stephanie photography portrait ,1
broadstairs tombola cropcircles beach notes centre camber bognor stroud reenactment ,1
newscomau latest world culture get site issues australia global limited ,1
graber editor journalist janna author,1
ecology correspondent home proposals writing biotechnology wildlife journalist anthropology drollette ,1
erik producing photojournalist creative art commercial missiondriven editorial sustainable videographer ,1
journalism salvador hartley press labor guarantee albums edge images image ,1
report drudge,1
maritime photojournalism brochures archaeology technology editor magazine investigative general environment ,1
new city forecast forecacom weather york,1
grants awards information runs newspaper groups journalism program west freedom ,1
relations distribution helping services cision leader list media communication aspects ,1
tenpercenteries photos football awards industry variety screenwriters dirt listings influencers ,1
collaborator book marketing author education paper story site editor technology ,1
voice south tribune us connects bend southbendtribunecom,1
perspectives gta thestarcom world canadas star site newspaper issues coverage ,1
corporate book years nsw author copywriter relations northern specialist writer ,1
scene legacy bestknown left promoting british columbia reporters jacks canada ,1
enviromental photojournalist superyacht ethnographic art travel prints ship naval street ,1
page department act state home information freedom foia us,1
arts press reporting resource readers culture compelling independent restaurants original ,1
northwest business washington spokane since entertainment serving eastern sports weather ,1
photographer corporate brussels event,1
stories videos pop news nbcnewscom nbc local go breaking top ,1
watch world live ctv business updated national entertainment around sports ,1
journalists adviceline submit ethics dilemma phone question,1
get boston news entertainment local breaking sports wicked latest politics ,1
sioux nebraska classifieds area local iowa includes souix politics ads ,1
hire bar music photographers events restaurant specialising pr boudist photography ,1
lifestyles news depth montgomery well world updated home entertainment page ,1
new corporate photographer photography award photojournalism portrait portraits international winning ,1
images film image actor cruise worldwide gellar gossip pictures sync ,1
stories local including hobart read headlines news breaking latest world ,1
combines israel advertising construction wed weddings j art michigan results ,1
newsjournal longview,1
golf cross baseball lifestyles news island wabasha field life outdoors ,1
afl news entertainment south crime messenger adelaide newspapers australia latest ,1
journalist property author hire education specialising editor copywriter awardwinning health ,1
india college journalism top colleges best,1
library eminem personalities keating tv backstreet prinze julia showbiz updated ,1
news entertainment heraldtribune local sarasota sports fl politics,1
newsmedia profits information inma advertising ideas marketing newspaper companies newspapers ,1
headlines news australian latest world,1
measurement wire news distribution analytics india business online,1
system federal governors dc washington reserve home board,1
boston news leading massachusetts entertainment opinion local breaking sports source ,1
newspaper crosswords newspapers dailies travel pickyournewspapercom business country updated restaurant ,1
local dining source charleston politics alerts news opinion breaking post ,1
photographer photojournalist michael documentary coyne,1
english central russia international countries america news europe organization middle ,1
english leading health read paper brings todays headlines wwwdailypioneercom news ,1
dtre cinq sans et le bruxelles rsf partout dfense genve ,1
photo album powered free geissinger adobe trial plugin photojournalist michael ,1
news submitted weird comments junkies drew political satirical odd memes ,1
south florida itkoff photojournalist andrew photography,1
mindfulness allparty group courses leads retreats workshops organisations based author ,1
register one waukee high ragbrai number altoona photos newspaper business ,1
gales humidity temperatures atmosphere wetter airport rain weatherinfo report diagram ,1
entertainment actors photographer hollywood writer writerjournalistphotographer cohen website filmmaker david ,1
photo corporate photographer campaign political cinematography event based brand abc ,1
politics brown corruption consultancy melaleuca inquiry susan phil queensland environment ,1
parks cornwall blackpool island bryson bletchley kent aitch summertime eastfield ,1
heirs execs studio box news weeklyonline conferences heiresses filtering estate ,1
wales cardiff uk photographer welsh newport britain british filmmaker documentary ,1
news entertainment lakeland local sports fl ledger politics,1
videos view cnn news events entertainment breaking politics us current ,1
times global,1
republic advice reeves mr connection kilpatrick values liberal georgie commentary ,1
braem design journalism eric photography,1
illawarra news mercury entertainment including lifestyle wollongong sport weather nsw ,1
institutt norge millioner fra været nrk steder yr meteorologisk verden ,1
news tribunereview pennsylvania pirates triblivecom western organization covering penguins steelers ,1
journalists freelance publishers team online creating company content journalist articles ,1
weersverwachtingen weerkanaal weersomstandigheden channel morgen amsterdam voor weathercom dopplerradar van ,1
news photojournalism wire ap portrait sports relations associated digital photograph ,1
line archives ancestry world states death links article onlinenewspapers help ,1
spotters welford bucks bizarre shinkickers shinkicking writer bizzare combe centreparcs ,1
hodson writer editor mark holidays travel,1
elections arts estate swimming center red mn softball rochester eyota ,1
stevedaveycom london writer steve earth places exclusive runs travel tours ,1
home page,1
philipp fight gym journalist medicine new animistic mali hunting images ,1
today network usa message,1
new company times york,1
dandrollettecom photography foreign stories pacific news page genetics adventure conservation ,1
error satisfied could request,1
events island prince years based edward covered business guardian politics ,1
newspaper localnewspapers hometown genealogy newspapers historical newspapersonline papers american usa ,1
photo also royals family camera unparalleled top impressive photography image ,1
news developments latest world indepth university ideas issues guide analysis ,1
television breaking lifest trending odisha india telangana cricket today latest ,1
area leading local beyond lifestyle source san valley silicon news ,1
leading world forecasts office uk services weather change met public ,1
true men disruptive english bus aetherius toe shin shakespear eden ,1
photographer michael craig documentary pv,1
photography welcome michael cooper,1
photography brian totin,1
people aircraft use brochure resolution boats churches landmarks web cathedrals ,1
writers exertions rules liberal howler professionalism thought bob government postsocratic ,1
creeps aiming strategies imaginations take radical media complacent powerhungry culture ,1
council writing science advancement,1
weekly international news csmonitorcom thoughtful organization edition science monitor coverage ,1
stories headlines news events happenings calgary city find sun current ,1
picture york media historical angeles library content photos travel los ,1
newsbluescom page found,1
photo corporate lance photographer francisco jose based photography image san ,1
also new wide volunteers countries national united association members states ,1
project factcheckorg center annenberg public policy,1
reporting speakerthe terror trevor aaronsonted aaronson,1
welcome writers guild bgtw british travel,1
npf foundation press national,1
soccer agri politics events goodhue minnesota directory pine answer pro ,1
henri photojournalist dauman,1
stories conversations action community style smart change politics news philippine ,1
photo giornalismo archive photojournalism fotogiornalismo journalism archivio dino reportage gallery ,1
freep headlines stories news michigan entertainment detroit breaking press sports ,1
photos paris richard wellsprings road acid farina later taking bob ,1
washington chesapeake art photos travel wwii prints tourism r dc ,1
pictures independent agency receiving many york awards pdn photographers redux ,1
status rory dire nelson quo eric danny photographing many photographers ,1
service weather national,1
restaurants news events music diego san movies reader reviews,1
clifford queen one mandela straits art world demand bassey bob ,1
news austin entertainment americanstatesman local sports tx politics,1
world states tech andhra get kannada photos interviews travel business ,1
restaurants events news real estate sports expressnews home spurs san ,1
forest stokes leading calendar cigarettes health gmac fox nc dogs ,1
afghanistan bush time congress crowley president humor war catholic architecture ,1
nuj freelance home directory,1
economy stay informed diplomacyhellip international available euronew politics news demand ,1
unlimited information newsdesk thousands preset email service topics aggregation websites ,1
abc news publicity newspapers sports work documentary man foxtel maroubra ,1
autos local jobs tribune education movies obituaries news events classified ,1
inclusion photographer maggie storytelling brand photography hallahan mhpv video process ,1
states site court thank w man ordered welcome many order ,1
news treasure coast st sports river florida indian weather business ,1
portal consultants sources authors research views associations available calendar editors ,1
political world information newspaper newspapers travel business analysis national sports ,1
thousands forecast reports resort conditionssnowforecastcom around snow reportsski webcams skiing ,1
corporate photographer commercial public experience events years northamptonshire relations pr ,1
headlines get news bombay civic entertainment city local newspaper mirror ,1
classifieds jobs north iowa coupons gazette obituaries videos news opinion ,1
saturday consortiumnews volume november number,1
stories inquisitr hit news mix entertainment else technology health sport ,1
business verde green listings website parenting entertainment south crime real ,1
estate breaking print la advertising travel business wi home entertainment ,1
cams report lift reviews latest ticket stats forecasts deals see ,1
journalists next training generation journalism connecting european association,1
new includes fashion photographermusicphotographerunsigned photographer music ukunsigned england photographerportrait sport ,1
de merwe arjen van photography,1
reuterscom us international politics brings news technology breaking reuters latest ,1
communications online portfolio storytelling passion sengss anne strategist,1
qctimes cities region website things eastern crime sports east weather ,1
press organization center resource information political role issues attitudes nonpartisan ,1
salem central oregon food seattle pocatello pendleton travel portlandbased freelance ,1
area local west source san providing valley videos news presstelegram ,1
communications uf journalism college,1
grand herald forks,1
arbor world story travel business restaurants things town shopping sports ,1
exclusive top source headlines videos news breaking onlinebreaking latest world ,1
classifieds community leading local readingeaglecom lifestyle source obituaries pa news ,1
photography boat image motor sailing online admirals picture specialist boating ,1
matters publisher stay us experts news angle striving latest get ,1
debate theory politics literature racial ethics review nonprofit junot cohen ,1
public institute journalism accuracy accuracyorg independent,1
stories english provides hindustan exclusive top politics times todays headlines ,1
policy politics transparency expression sport promote ethical game play foundation ,1
corporate politics photographer bruxelles based brussels belgique photogarpher brussel sports ,1
euro correspondent editor journalist brusselsbased,1
politics headlines videos news events technology breaking press festivals india ,1
webster powerful unionleadercom truth daniel nothing,1
bcs province local bc source health politics headlines videos news ,1
greensborocom news greensboro record,1
based photography janis dylan brothers san member folkmusic first company ,1
bhubaneswar connaught asia place national editorial englishlanguage published office delhi ,1
dawsons spears leonardo madonna bands showbusiness n interview people portrait ,1
classic jazz photography janis archive roll live david subject captured ,1
portfolios clinton satire patrick house voices york monument israel iraq ,1
stories top health canadian politics headlines videos news breaking ctvnewsca ,1
blackhawks herald newspaper neighborhood suburban bulls perspective sox date national ,1
problogger writer rachel researcher travel newcombe freelance issues lifestyle blog ,1
photo industrial photographer boston getty based egypt degner film photography ,1
photography video time portrait magazine documentary canon travel sunday commercial ,1
news opinions root politics culture black,1
long fotografen een nederland kong hilhorst han camera bye jazz ,1
india today latest world get live science hot opinions headline ,1
columnist geoffrey bonvivant author james,1
library action learning lets watch films friends content rate add ,1
philip merrill college fearless journalism,1
stories vacant jobs top current source international movies main times ,1
obituaries news dakota opinion breaking information journal choice city newspaper ,1
ifwtwa charter creators association industry dmo evaluate mutual notforprofit international ,1
stories news victoria read national world local breaking australia business ,1
news entertainment local politics sports jacksonville florida fl timesunion,1
education good portrait greater impactful beyond work environment range media ,1
home center dart,1
aiming international conference strengthen initiative communication democracy society journalism home ,1
classifieds short local central dining henrico source pump politics virginia ,1
temps worldwide england united uk current marine change severe water ,1
medical marlboro tech high university hospital football textile training nfl ,1
communications galuschka cologne,1
colorado news entertainment photos local traffic including breaking post sports ,1
environment photography geographic cartography leader civilization technology exploration history world ,1
corporate cardiff homer photographer commercial clients magazines editorial newspapers producing ,1
deployed military news voice members sailors airmen marines world trusted ,1
high norwegian desert people arctic famine conflict areas nature ice ,1
forums orleans nolacom latest world louisiana la watch get photos ,1
photographer experience chaplow worldwide historic years luxury michelle resort photography ,1
pakistan local liberty including central languages russia freelancers podcasts countries ,1
news analysis spin bill reilly,1
optus cbc times sydney google presenter crikey radio yahoo greg ,1
chinadaily edition global,1
new everything leaves food land events england featuring lobsters living ,1
explore concerns conceptual art nonprofit organization along mode daylight documentary ,1
new news fashion entertainment opinion real breaking post sports estate ,1
bse india market today latest newseconomy newsfinance stock newsnewsipostock ,1
videos parade news food entertainment games popular celebrity fitness tips ,1
advertising londonbased photographers friedrichs one studio trendspotting blends popular location ,1
live news national forecasts local forecast weatherbug temperature hurricane camera ,1
netherlands photographer mensenjacht neisse fotos blanken illegalen artikelen lots cuba ,1
photo grigorian photographer armenianamerican winner photojournalist eric armenia based yerevan ,1
many requests,1
cloudbased marketing building solutions global analysis communications software needs reach ,1
science geographic civilization national photography culture exploration explore adventure conservation ,1
news forum luciannecom,1
media access goods visualization effectively communication information imaging educational testing ,1
journalists page home canadian starchapter association,1
dutch vpro biography lamour het filmer sweet fotograaf waterlooplein ik ,1
association press motor international,1
pictage portfolio technology sports digital portraits gallery agency dvd el ,1
search website compendium office licensing us register index copyright offices ,1
helping apple popular movies company leader across tv world people ,1
parisiens photographie fondation en hauts selon volont lieux martine des ,1
promoter ship monrovia harrisons ships african dr mercy west gary ,1
improving journalists society journalism protecting professional since,1
news tribune duluth,1
la photos newspaper business region angeles things entertainment sports fernando ,1
reporting makes contest best amendment states magazines first online newspapers ,1
canberra hull crispin journalism writing journalist times,1
implementing society disarray journal foundation adbusters join global punks toxic ,1
area classifieds ctpost local celebrity connecticut scores news fairfield estate ,1
expertise uks video first journalism solojo videojournalists films,1
grants outreach center education global affairs quality media journalism promoting ,1
persfotograaf portraits architecture near belgium media eu events geert photographe ,1
live news express india business financial today latest,1
entertainment hyderabad bangalore columns sports express congress sport features bollywood ,1
news sedrowoolley laconner valley vernon page mount skagit sports breaking ,1
american asian journalists association,1
world indepth newsnational newsbreaking coverage newsforeign business analysis washington restaurant ,1
room service internet webwire visibility engine wire pr personal pass ,1
freelance writer mcmanus sean specialising technology copywriter journalist,1
public state newspapers notices georgia gpa press association,1
new register home,1
thehour area classifieds local celebrity connecticut scores news fairfield estate ,1
drink news food nashville arts nashvilles home scene,1
maintained philippines writer expert contend teacher trainer advocacy selected biographical ,1
provider legal government choose sources lexisnexis path learn login business ,1
recording dallas track organizations producer organization musichostwebsite blumlein engineer teleprompter ,1
industrial research nuptials journal photojournalism people wedding associated search memorable ,1
nights la flutag worse margate brick parcs spotter sheringham fowey ,1
pictures ceuta homepage fotojournalist oder piet photojournalist den dutch nederland ,1
headlines stories daily news world national read local including breaking ,1
america media matters homepage,1
news speedy take beast around smart world daily,1
psu news published university students collegianpsuedu penn independently state,1
robert roots photographs music folk corwin images photography,1
stories smartbrief news editors credible sources top newsletters industry summarize ,1
conversation english leading informed plus debate research affecting editors plain ,1
news state lifestyle sports north searchlight business shasta county redding ,1
headlines get stories yahoo news videos photos breaking coverage latest ,1
banned fully established analysis ukraine journalists asia radio galleries operations ,1
pew citizens us research public politics policy toward serves opinion ,1
featuring military news afghanistan worldwide reports europe far iraq exclusive ,1
mail international canadian politics featuring authoritative news report breaking globe ,1
carly often photos siouxsie cure depeche popular groups rock additions ,1
today latest free world live journal photos newspaper coverage business ,1
london global online leading sports pictures photograph humor supplying agency ,1
palast greg journalism investigative,1
home page gorton,1
amundsen freelance norge photographer paul en bergen basert er based ,1
multiple photographers content pr creative uk dobson freelance single commercial ,1
assam tribune,1
jeff pressthink communication democracy kennesaw biggerbrain public society journalism brain ,1
denton recordchronicle dentonrccom,1
eric michael classicrockconcertphotosnet concert star stones rolling blues men photos ,1
rankings advice student ultimate dating guide tips campus students career ,1
kike arnal,1
dirtbag live gd got dimebag clothing concert homes specializes found ,1
registered peterculpancom namecheapcom,1
groups search engine monitor data broadcast endusers tv radio us ,1
coast space central melbourne rocket news breaking brevard cocoa titusville ,1
stories get trends news events regina videos city watch photos ,1
news spin official oreilly home web bill,1
freelance brighton meet based alden clients help anywhere chris hello ,1
football opinions business country entertainment magazine track lacrosse austin houston ,1
documentary photojournalists report photographers photojournalist annual photos assignment blackstar location ,1
photo bb corporate photographer black photography hire photojournalism stock star ,1
ancient family bordessa hawaii fun hawaiibased author greece beyond building ,1
good stories millions news inspiring optimistic years uplifted inspired positive ,1
expertise journalists news need center societies home trustworthy skills builds ,1
nebraska photographer home weddings omaha wedding lane,1
timothy human photographer allen planet,1
stock editorial cgpixcom photography travel,1
reporting print excellence jack bc style radio years accurate based ,1
published newspapers publishing history writers writer getting mexico antiques articlestravel ,1
euguene photographer utah natalie baker photography idaho yakima wahsington portrait ,1
winston bio entertainment charlotte mocksville reynolds care barbecue wfubmc dash ,1
area provides community local inland spokesmancom news breaking indepth coverage ,1
rejected request,1
photography london scott,1
stories stay local advertiser state headlines news latest world louisiana ,1
haydencom jon,1
error satisfied could request,1
pakistan lifestyle education international updates brings news opinion breaking x ,1
journalists ifj federation international,1
louisiana lpa home press association,1
golden lebanon beijing shaoling horserace asia polo salt jsk guinea ,1
documentaries ruud elmendorp features,1
news association online,1
events government breaking omaha herald world information omahacom worldherald analysis ,1
headlines stories news events happenings vancouver breaking bc find sun ,1
stories worldwide indiatimescom lifestyle indian brings new videos news technology ,1
original art collections prints popular stage signed rock pop youth ,1
international notices paper obituaries state newpapers news search across history ,1
headlines nation lake news opinion breaking utes deseret indepth utah ,1
ranch print pixel key hyperlocal photos lakewood advertising newspapers blacktie ,1
distribution customer distribute database time review satisfaction press media advantage ,1
robert niles,1
includes stone photographer der spiegel based award london angerson published ,1
westchester obits latest information get journal plains yankees lohud food ,1
corporate eagle himalaya yazd sahara culture khampas adventure afghanistan portraits ,1
freelance hayes writer hannah editor,1
photographer gallery bill,1
cullen mfol covered years decades neveragain author genesis march depicting ,1
news local breaking sports weather alabama,1
standing enterprise chamber us commerce american,1
leading community local source want colorado news events writing arts ,1
clear traditional based us subscription important without agendas times politics ,1
bowie stones punk heroes order queen rolling led blues soul ,1
visibility distribution drive website increase traffic helps press create buzz ,1
banshees nostalgia new find music joy division collection wave mode ,1
south freelance rebecca weber writer l africa,1
headlines nation lake news opinion breaking utes deseret indepth utah ,1
danny virtual liberalization deregulation university popularization awardwinning concerns data cause ,1
chronicle news hyderabad technology breaking politics india business latest world ,1
science news economics world offers opinion technology insight international business ,1
butlins pontins circle england iain mad ashby upon fetes shakespeare ,1
minimalism politics personal blog writes especially ari digital herzog humanities ,1
press breaking forecasts city trusted business atlantic southern food entertainment ,1
research ljvm king wssu pazuzu coliseum mount arts myfox center ,1
new blanding june book thief due map gotham michael investigative ,1
news local breaking sports syracuse weather ny amp,1
access site limited,1
sentinel milwaukee news investigative entertainment journal opinion jsonlinecom breaking sports ,1
new jacob photographer york album portrait blickenstaff cover,1
home british review journalism,1
syndication news multichannel television broadcast programming local tv cable,1
photo archives print americas sail camera yachting leica marine books ,1
services editing experienced engineer terry uk service nuj freelance offers ,1
politics virginia news newsus breaking post dc maryland governmentwhite reviews ,1
paris tripoli rpartis bureaux berlin stockholm monde inform correspondants dc ,1
der japan kunstmuseum instituut upon anneke film nederlandse fotos paradox ,1
rejected request,1
autos tanque marana jobs lifestyle valley border tucson news tuscon ,1
george washington pulitzer art hutu saudi barack spent ronald trump ,1
area classifieds local celebrity scores news fairfield estate information business ,1
worldwide local day wide weekend temperatures report well today world ,1
image carl prints video licensing chapman australia stock technology underwater ,1
reporter news entertainment blogs tv including hollywood breaking industry source ,1
satellites forecasts historic reliable forecast map visit data weather days ,1
freelance thailand gampell copywriter jennifer,1
journalists jobs news print art training media editorial online journalism ,1
goodrich tokyo fashion ambassador hasselblad photographer commercial alfie portrait japan ,1
image bapla trade picture founded licensors home agencies libraries represents ,1
nadu politics books todays thiruvananthapuram new videos nation news chennai ,1
news entertainment including lifestyle examiner sport weather tas latest delivers ,1
news food city living arts dc washington home paper,1
stories excelsior ladakh news provides headlines worldget jammu india politicssportsbusiness ,1
photographer writer marion bull travel,1
phoenix azcentral local central news breaking republic arizona indepth azcentralcom ,1
journalism reporter news editorial reporters art jobs subeditors media print ,1
campaigns since news objective elections facts call roll washington along ,1
journalism future nieman lab pushing,1
welcome jeffgaulincom,1
sipa window press world agency,1
kit literacy center education cml media empowerment medialit,1
vols titans restaurant news predators music things staff nashville usa ,1
barbara independent santa,1
comprendre démocratiques de culturelles le multilingue les radio canada découvrir ,1
photographers design library collections private lens nonprofit nicaragua photographer aerial ,1
observer leading community dallas local texas source want news events ,1
stories users top us located yesterday stateoftheart visitors traveler experience ,1
provo news events leading photos advertising opinion newspaper local shopping ,1
matters news winning razorback award opinion breaking largest coverage political ,1
ne nebraska news entertainment journal lincoln local newspaper sports southeast ,1
kirghizstan portfolio central former portraits york kirgiz photojournalist kirgizia photos ,1
basketball mower school southeast man skiing stewartville chatfield volleyball obituaries ,1
public headlines search news press media campaign center organizational newswire ,1
economy catch sensex indian updates politics company headlines news breaking ,1
casualty first,1
offer news well royal high carpet archive stock worldwide britains ,1
news allows exhibits media americans rated today celebrating modern choice ,1
latest ydrcom things food entertainment traffic crime sports weather county ,1
bloggers minnesota grassroots aejmc citizenship leonard georgia network relationship journalists ,1
entertainment photographer nashville shearer advertising john based photography,1
photo archive quality historic museum cards greeting mcmahan photos,1
politics ads headlines news across events television classified comprehensive make ,1
new news features york website britishfrench david photojournalist portfolio brabyn ,1
troy news website saratoga sports schenectady capitol timesunioncom weather times ,1
artwork collection ds olson photography artist columbus shawn technical photojournalist ,1
writer dean asker magazine josh questions,1
news alternative true powered featured people,1
leadership technology lifestyle investing entrepreneurs media company focusing entrepreneurship business ,1
furniture raleigh lexington carolina forsyth pfafftown dobson bh camel trauma ,1
forbidden error,1
leader leadertelegramcom leadertelegram follow,1
freelance photographer olivier asselin online portfolio photography,1
news events entertainment photos seattle local traffic real sports seattlepicom ,1
manhattan staff coverage torrance pedro bay angeles beach things winning ,1
stories leading top current google read times todays brings headlines ,1
connection radio life changing live yes got things station learn ,1
marketing advertising coverage tristate national entertainment south crime sports online ,1
news sources comprehensive coverage uptodate google aggregated world,1
shirlaine vegan fashion freelance photographer music derby manchester events portrait ,1
networking security technologies communicating marketing skills robin support privacy communicators ,1
photographer arici graziano,1
world trusted business expert analysis variety delivers personal insights publishes ,1
newswire empowering release tool right room software earned pr outreach ,1
philip merrill college fearless journalism,1
multimedia storyteller construction,1
exclusive news strategies breaking insight jones dow media finance information ,1
news events website go trust us cartoons current commentary americans ,1
writers professionals australian public media society relations travel,1
postandcouriercom dorchester sc business food entertainment serving berkeley courier crime ,1
stories affairs local mirror top current includes updates headlines videos ,1
human welcome particular specialist writer media advertising kate advertorial pr ,1
classifieds area local informed jersey dining source new news events ,1
reported media center reporting emerging also produces players journalism key ,1
bakersfieldcom news events search californian shopping kern bakersfield county,1
high article articles vans city trucks photos documents deals contests ,1
news fosterscom entertainment local sports nh dover politics,1
provider oct bangladeshs news first opened medium bdnewscom public bilingual ,1
todays headlines videos news events democrat technology breaking range stream ,1
breaking fitness india today latest world pioneer newspaper opinions business ,1
channel facts government illegal celebrities surfing community portal reliable available ,1
photo stills hall classic clapton dylan tribute roll young online ,1
news himachal tribune sports chandigarh india cricket punjab uttarakhand latest ,1
mark hertsgaard journalist author independent,1
months promos photographer music nc based since photography recognition affiliate ,1
center media law libel resource,1
leading community houston local texas source want news events writing ,1
air iwindsurf aircraft fish day ikitesurf cyclone water sailflow yacht ,1
photo source high agents axiom stock quality online images digital ,1
investigative oil worldwide environment worldnews economy money including us current ,1
breaking horoscopes browse also containing world directory pick get forecasts ,1
journalists courses training nctj train fastchanging awarding industry journalism council ,1
underground entertainment fox australia hinch cbs personalities packer tv arts ,1
new news artists lens global documentarians magnum arts featuring roster ,1
page found writing might wonder,1
center speech institute freedoms petition amendment providing understand first assembly ,1
breaking western bettendorf information qc city newspaper illinois business davenport ,1
new photographer boston justice agriculture distinctive clients social england jacobs ,1
community humor celebrity strange photoshop flash amusing funny farkcom geek ,1
news leading advocate entertainment local breaking sports rouge baton louisianas ,1
member almost live notforprofit work range freelancers efa york organization ,1
opinion times news sunday,1
ca pressenterprise things news staff national covers local empire inland ,1
get news food entertainment video opinion real estate bergen sports ,1
stories english provides top indian education mumbai international updates read ,1
headlines vegas news las entertainment local trusted breaking sports reviewjournal ,1
mark craemer main page,1
booth photography stephen home,1
huffaker sandy photography,1
gamble photography joseph,1
photo eagle please id size check united images photography visiting ,1
gadgets stock quotes business analysis businessline nse website recommendations indias ,1
oil cnbc international leader news technology meetscharting market world stock ,1
news leading lancasteronlinecom resident lancaster mostly local every lancasteronline source ,1
post information business updated entertainment traffic real sports weather county ,1
nebraska area council local creighton buffett health midlands state news ,1
allen glen business restaurants food entertainment va shopping sports richmond ,1
southern news city local service california,1
writer economics teacher travel mediterranean study rutgers website correspondent journalist ,1
freelance news photographer paul drabble editorial years producing portfolio david ,1
create web website hosting tripod,1
stories observer celebrity lifestyle top health york politics new trends ,1
ann family liberty god smart leo sweet david repair moves ,1
transition training countries provides states developing areas still media written ,1
stories michigan stay local informed lansingstatejournalcom state headlines news depth ,1
glennhuntcomau domain crazy web registered name secured domains registration hosting ,1
phoenix leading community local source want times new news events ,1
photographers bppa british press association,1
classifieds local including tribune central jersey somerset mycentraljerseycom obituaries new ,1
picture media design services photojournalist pr creative freilich newspaper freelance ,1
news indexjournalcom across gwd opinion today sc carolina lakelands mccormick ,1
headlines chronicle rockets news events entertainment houston local plus breaking ,1
europe photographer available life based photography bamford worldwide portrait lauren ,1
dave soldiers lives columbine birth ny shooting true movement returns ,1
new stock exchange nyse york,1
future nation news world issues breaking politics us political capitol ,1
restaurants st news events music city reviews paul pages definitive ,1
act electronic foiaciagov information cia freedom reading room foia,1
tamil editorials topics kerala cities kochi gossip southern daily prabhu ,1
spokespeople directory speak news publicity directories universities newspapers featuring reporters ,1
planet thousands worldwide maps forecastweather interactive every forecast weather places ,1
data journalists reporting election tools government suicides cyberjournalist cyber journalism ,1
photo autographed photographer music photographs reggae available memorabilia dickson images ,1
local source york providing politics brings new news opinion breaking ,1
brad freddie premieres tom rock celebrities photo friends party smith ,1
science news events offers statewide alaska based focus anchorage features ,1
photo issues network panos global london founded photographers social specialising ,1
cosmopolitan agora business canadian daily,1
fashion local nightlife weekly bc dining georgia movies news events ,1
stories local us international updates new view videos news breaking ,1
international affairsoceanography publishing history south nature writer australia newsletters proposal ,1
dasilva peter,1
sussex parliamentary well london ed surrey writer teacher halliwell initiative ,1
hugedomainscom clarkshadows clarkshadowscom sale,1
new oldest news homepage opinion mexican newspaper local santa sports ,1
conger usa music seattle events david event concert wa photography ,1
news valley entertainment photos waterloocedar courier page opinion valleys sports ,1
portrait magazine work documentary winning rolling uk commercial editorial times ,1
forecasts forecast sailing regatta yachting wind sailors weather offshore passageweather ,1
reports corporate aarons photographer style photographs unique meetings always images ,1
performing music texas using techniques marketing midside orchestra video archive ,1
photography brochures portfolios annual freep one photos resource daymonjhartleycom editorial ,1
new quixote charleschoiquixote science york charles choi journalist,1
girl photographer geographic ancient contemporary national body always culture yet ,1
canada international south air photojournalist tanzania niger travel assignment features ,1
news quill student site scroll,1
hier canvas op werken boermans dibond alle en poster menno ,1
media robyn strategy content pr creative travel writerproofer freelance communication ,1
new news local breaking sports jersey weather amp,1
area investigative local breeze pulitzer including san los prize news ,1
news simi entertainment ventura local breaking sports thousand oxnard oaks ,1
spiked report humanism democracy underrated humanity well change magazine freedom ,1
airy tobaccoville american baptist nascar manufacturing school academy clemmons triad ,1
corporate photographer commissioned conferences yorkshire photography specialising scarborough relations agency ,1
journalists center nonprofit student law organization washington dc aims protect ,1
writing arts reporting resource readers culture compelling independent restaurants original ,1
five emmins portraits history heroes alan tarmac failure result flesh ,1
news charlottesville daily progress,1
vancouvers straight vancouver arts music guide restaurants food things entertainment ,1
stories investment white republican money including current health wide politics ,1
community local tips newsann crwe politics news events tip breaking ,1
ca news things national orange local market sports ocregistercom best ,1
home mysite,1
stories area stop greenvillemetro local headlines news one world sc ,1
using prof trends various education act webmaster online professor editor ,1
documentary independent entertainment writer producer media experienced content provider travel ,1
independent professional property daily data navigation whips social targeted professionals ,1
information brooke resource freelance publishers bob features website home writing ,1
suntimes local tribune largest suburbs chicagos news bears breaking cubs ,1
croydonbased test specialises technical specialist writer londonbased designer engineering design ,1
johannesburg south photo evalotta video jansson photographer assignments water africa ,1
new development state abroad connecticut foreign business migration global professor ,1
education student electronic media journalism supports broadcast press,1
entrepreneurship news covers american review media journalism focus storytelling innovation ,1
ipo finance market latest live business analysis share nse gold ,1
local us current usatodaycom videos news technology awardwinning finance today ,1
investigative local ny news events democrat chronical dc withindepth journalism ,1
curry andrew,1
block international,1
iran trekking tibet soda advertisement stock khorasan benin africa monks ,1
affairs news since national current macleansca magazine canadas,1
philippengelhorn fighting workout simien tattoos kitchen macau mountains canon nam ,1
english fashion karnataka pradesh top including current indian flash updates ,1
music photography ishootshowscom best,1
corporate headshots video commercial photographer events athletes dave products cruz ,1
camera boulder daily,1
communications dye consultant writer editor morris,1
faith review politics intersection jewish world culture,1
stocks economy sensex indian updates funds news mutual newsmutual fundsstock ,1
finance conservative live science newsmax newsmaxcom libertarian global washington american ,1
movie wereldreis fotoboeken liefdes cineast kleine germain avontuur photographer nederlands ,1
none disgrace success anywhere years loud stories else made icons ,1
principles wpi free promote strengthen press internationally,1
columnists including grocery handyperson computers meal sampler york new supermarket ,1
brown bay flight books jewel stephen memorial shutdown veterans mall ,1
weblog fowler citizens studies capital robert scholars affairs pjnet media ,1
changing produces news industry emerging exist consumed coverage examines questions ,1
journalists society professional blog toolbox,1
us health headlines financial news technology breaking stream x today ,1
pop local balancing moments politics thinking headlines news breaking say ,1
photojournalism portrait wedding documentary portraits atlanta awardwinning specializes church shooting ,1
news truthdig current reporting expert provocative columnists,1
economics wsj wsjcom us politics finances headlines economic news arts ,1
us current health updates politics fox headlines videos news technology ,1
leader classifieds news surrounding wilkesbarre deals sports covers communities times ,1
autos master including protection financial cards smarter lifes make awardwinning ,1
ireland reports weatherservice data flooding wind maps snow kingdom weather ,1
foundation recognizing achievements unabashed awards founded hardhitting reporter synonymous insightful ,1
columnist campaign speech marketing communications editer ad kit advertorials interest ,1
news uknational publishers newsbrands regional media nma national local association ,1
citizensvoicecom voice news local wilkesbarre citizens shopping sports page newspaper ,1
reagan united black film photography steven stephen states donald presidents ,1
regis martin fte tallington crop stonehenge birdman eccentric stratford planespotters ,1
home florida press association,1
well need political people site official analysis week gossip entertainment ,1
environment philosophers us design bodies leave forces systems consumerist stale ,1
chattanoogas complete news homepage national classifieds chattanooga newspaper local press ,1
well homedelawareonlinewilmingtonde world journal newsheadlinesstoriesworld delawareonlinecom de updated home newslocal ,1
news blogs breaking india today political latest world live newspaper ,1
really news entertainment journal constitution sports atlanta ajccom whats going ,1
photographer paul writer franklin travel,1
ninety leading calendar shoals indexjournal greenwood source abbeville obituaries six ,1
educators news education global interest exploring weblogger newsroom strengthening president ,1
cambridge boys hurt joplin rock valley charles home byrne massachusetts ,1
seattle plus stranger times politics news club blogs movie arts ,1
photo years based laif photography photojournalism leading reportagen magazine photoagency ,1
stories dog jokes funny inspires videos skyz news sharing media ,1
patriots team england sharp photography lifestyle source investigations stunning brings ,1
videos get affairs news entertainment photos pune city newspaper mirror ,1
doiy weddings jason,1
source gazette springs politics obituaries colorado news blogs breaking photos ,1
challenging misinformation national group progressive fair spin media bias watchdog ,1
fredericknewspostcom newspaper newspost maryland county frederick daily,1
coverage full business suv marketplace mason publication entertainment school video ,1
eagles nomads xinjiang gaba annual kazakhs tuareg kenya commercial horses ,1
best based williams londonprintsmusic photography artist london ukmichael leading portrait ,1
danilo development arao master includes photographs research students patterns created ,1
matters offering current know politics news events arts breaking cartoons ,1
white rockland yonkers york ny lohudcom new news opinion estate ,1
photo video production media photography eyepress,1
ford connect amazon music gracenote comcast nielsen devices platforms entertainment ,1
tv festivals marriages politicians births artists reality reviews players film ,1
donna news gene figuratively opinion last f scott land political ,1
photo new fashion photographs music humour organisations images la news ,1
journalist photographer cindylou official writer foodie site lifestyle supercar editor ,1
headlines smhcomau news entertainment sydney technology breaking lifestyle travel australia ,1
music celebrities soaps gaming updated spy entertainment around clock digital ,1
writers st revolution create new news media network today free ,1
investment community investor politics essential financial news time review awardwinning ,1
tingle television crime morning laws wrestling online sex doco mediaman ,1
providence news entertainment local providencejournalcom sports ri politics,1
web features topics editorial subjects journalism feature writing word journalist ,1
interior photojournalist consultant web government business ap photo corporate exhibit ,1
area ca news democrat sonoma newspaper press santa breaking rosa ,1
news thousands images music broadcast graphics tv plus set lighting ,1
events eagle surrounding berks areas information reading business pennsylvania entertainment ,1
finance latest reading journalism reputation business independent updated reports real ,1
az newspaper coverage opinions newspapers travel home things entertainment sports ,1
island myers naples coral newspresscom fort pine yellow sanibel pages ,1
majorca collection mallorca geoff images image high beaches ibiza formentera ,1
underground intellicast weather,1
chronicle news scotia national entertainment local breaking sports nova source ,1
image telling licensing brands cavanimages visual solutions cavan royalty free ,1
get stories sentinel news assam read entertainment science technology top ,1
happy upbeat uplifting good live goodnews animal clean positive cute ,1
hankies train polruan spotting throwing blyth death de birtish devon ,1
timecom current health smart updates politics news time breaking reviews ,1
america commission united federal communications states,1
observer community calendar group longboat siesta news mypixel events estate ,1
mccurry alike afghan cultures work conflicts element human steves steve ,1
chipping fete avon consultant parr bill north essex sands salisbury ,1
stories new news photos magnum arts photography classic roster lens ,1
passing denzler darrell band one musicians photos took graham prints ,1
mantorville calendar health wrestling gymnastics kasson government hockey high dodge ,1
local tribune source san los providing countys valley news opinion ,1
hour information norwalk business updated entertainment traffic real sports weather ,1
new crains homepage business york,1
let faculty increase colleges directory attract online universities industry attention ,1
one photos agencies travel collections premieres features portraiture profile royalty ,1
filip horvat photography,1
statesman broadsheet located indian new news ltd television opinion breaking ,1
science newspaper china ignore business hidden epoch factbased values art ,1
services editing essays creative brands english selfpublished consulting editorial professional ,1
st things news pioneer entertainment including press sports paul crime ,1
reporting resource readers culture westword compelling independent restaurants original made ,1
editor columbia magazine central mary international university refugees affairs york ,1
documentary exhibitions picture york information art paris visual arts kingdom ,1
affairs news leading national wa local breaking lifestyle west current ,1
photographer photographs georiga style family available based photography children alison ,1
la pouse cre de son est cartierbresson henri accueil l ,1
agency founded photographers one photos agencies travel ago editorial fuer ,1
voice news leading opinion reviews sports us liberal sport edition ,1
conservative story word improvement home jr speaking talk recipes abby ,1
demotix magazine global,1
vienne frontires dans de tunis continents lorganisation washington promotion compte ,1
vegas divassaints icons las creative photography studio,1