content,label
big paradise pornstars free download videos sex pornmilocom streaming movies ,0
sikis sert yagli ,0
ile tikla olarak zartolcom izle izleme sex rokettube turkce sikis ,0
bedava mobil sizlere seyret sitemizde videolari sunuyoruz filmi film keyfini ,0
sitesi cep yerli bozma telefonlarina izle turkce turk sikis sesli ,0
pornoanal seyretuvey filmleri izle turkce pornofull turk sikis pornosikis sikisanal ,0
ucretsiz bedava indir mobil sexmobil video seyret fragman sitemizde pornoturbanli ,0
free films xoxoxo ifsa clips sexseqcom hot search videos sex ,0
liseli watch trending xxx porn turk streaming tube enjoy porno ,0
kategorimizi sert acimadan amciklara sahit olacaksiniz yaraklarin actiginizda girdigine izleyerek ,0
oral sitesi anal kapsamli filmler kaliteli en izle sex turkce ,0
teen porn turk genc sikis pornolar turkiye yasli hq hd ,0
web kaliteli en izle izleme adult sayfamizla zevkini sikis pornolar ,0
sikis sert izle sex bedava mobil porna video porno ,0
sitesi sunan cilgin izleyebileceginiz en izle izleme sex turkce amator ,0
sizlerde izle sikis rus videolari bedava sitemizden izleyebilirsiniz porno seks ,0
ile anal izle zartol sex hisset sikis sen bunun de ,0
icin farkiyla yaptikllari kalcalari olan videolari seksi keyfini porno hatunlarin ,0
jav free videos japanese asian sex sexy wild woman let ,0
hafif ediyor ortaya filmin guzel ihmal gotunu redtube izle seren ,0
yanini bir yanasip hak got turk sikis amiyla basinda killi ,0
etmeyen bunu gote kadin iki xvideos sikisni adam hemen pornosu ,0
yalayarak birbirinden hatunu penisi zenci delice ellerine aldiklari kizlar yasiyor ,0
yataga hatunla penisini giren sikme cikariyor sarisin kaldiri adam seksi ,0
zaman mature sikmeye ogrenci iyi yasayan olarak sahibim hikayeleri basina ,0
oldugum ise sex bir evinde sikis sahibimi cok milf ama ,0
dul icin dogal kadin ev hikaye ogrencisi yalniz kaliyorum basladim ,0
uvey sert altina yatagin sikisan porno vseks sikti teyzesini ,0
guncel cekim pornolari izle gizli sex periscope turkce surpriz porn ,0
turk sikis pornolar mobil video seyret turkish film hd porno ,0
world free videos without advertising xxx full enter best site ,0
arkadasi sisman bu hatun yapar cagiran yarrak tombul siyah olgun ,0
cekmektedir eve bir ozlemi sikis sert hasretini gidermek arkadasini iri ,0
cikaracaktir sizleri saglayan filmler kaliteli izle doruklarina sex zevkin platformu ,0
zehradan baslamisti tutup dibine yumuldu sekilde emkde seri gectim arkasina ,0
gecmisti gecergecmez penisini gohusleirni onun sikilerken aklimdan cikariyordum arkasindan de ,0
kadar resmen emmeye ipegin benim gotunun yaliyordu cikmiycak gecmis ipek ,0
iraza artik amina kendindne ben sokup agzini hayatimboyunca dogru benimkisini ,0
yarragimi cikartikca basladi kendionden amcigina aglatiyor zehranin oda egildi hemen ,0
yandna cikardim elimle yatakta amcvigina bir inanilmaz sokarak saskin giren ,0
donmsutu zehrayi amcigini kadini alttan zehra tum degil yandanda emini ,0
yalamaya emiyordu domalmis sokuverdim akdar gohuslerindne sikerken sikiyordum gibi gozu ,0
izle izleme olmaktan uzerinde sunariz amator porn sikis sert filmlerini ,0
pornolar adresi yeni deneyimimizi sunarak sizlere seyret sikisler film izlemenin ,0
k free find videos sex movies porn xxxjoy current premium ,0
reklamsiz filmleri olgun latin travesti zenci izleyebilirsinizturk izle rus gay ,0
turbanli izleyebilirsinizreklamsiz lezbiyen amator turk sinirsiz japon ucretsiz bedava indir ,0
izle daima videos sex turkce xxx yukleyip pornolarinizi ucretsiz burdayiz ,0
bedava pornostar izlemek video icin kendi olun film binlerce tube ,0
articles published routledge search taylor quality millions peerreviewed imprints journal ,0
pornaltyazili pornturkce guncel seksaltyazili exposedmilfolgunpornosikisbrazzers sikisarabs uveybrazzers amber xyzaltyazili hdx ,0
pornomompov filmleri pornolarensestliselisulu altyazi etli en izle turkceporno ambalik alenajapon ,0
turkcehdpornhdx pornoturkce linzeeporno alt pornoanalporno pornyeni turkce pornohd yalamaes yazili ,0
clupturkce sikis degistirmeablaensest pornoaltyazilihookuphotshot izleam pornoaltyazili pornoaltyazi yeni altyazili xyz ,0
gelip cikarin gunluk filmleri izleme sik bulacaksiniz porn kalitesinde sikis ,0
agiza cekim pornolari bozma arkadas izle cekilmis gizli sex turbanli ,0
liseli amator turk sikis ucretsiz bosalma kizlik evde bedava mobil ,0
ile ortamda bu yatak bayiltti guzellersikmek guzeli anlar takilan sex ,0
isteyen derecede azgin sikerken bekliyor bir surpriz soyunmasini turk sikis ,0
odasinda kizin sicak asyali atesli asiri azmis adam hd kiz ,0
dikkatimi bu guzel zaten soyle ise bir otururken gelenlerden yarayacak ,0
edip kenara daha sa sikme atesli kadini cekmisti ayrica ozellikle ,0
sikis sikisen kizlar erkeklerle amcik pornohikaye bedava acanlar filmseks yeni ,0
porno pornolari turk ifsa ,0
ahu pornosunu emme tuba vurus gogus izle kizlar banyo yapan ,0
arkadan orno videolarini sikis citir bedava benz niki videolari sevisme ,0
izle biliyor isini sex adam aglatti izlefull full porno sikmekten ,0
tv free tube teen porn ,0
exfetish reklamsiz yani donmadan en izle sex videolarin izleyeceksiniz kalitede ,0
videolarini sikis exfetishcom p mobil yeni sira sizlere sunacaktir hd ,0
izle pornoifsa cekim trifsa gizli ifsa izlegizli yeni porno pornoyeni ,0
stories free storylines hot adult features bellesa erotic videos orgasms ,0
feminist porn erotica guys friendly women entertainment sexuality natural best ,0
demek kuyrukta salliyor bu yerinde sekilde ifsa calismakta biraz cesitli ,0
dur icerisinde bende azdirmakla hatunum sekillerde onlara herkesi bir zevkli ,0
arka fahiseyi onunla sekreterimin surekli atesli sure icin duruma tavlayarak ,0
beraber kisa ofisin dakikalar olan gecirdim seksi bol artik pornosu ,0
sikisirken sikis sert izle cekim yarakli gizli mature family yarrak ,0
sikis izle indirebileceginiz sitesi tek reklamsiz ucretsiz cep bedava olarak ,0
cekim ki ifsa erkek edindikten pic kendilerini gizli pornosuna kurbani ,0
liseli baska bir gecmiyor turk cok normalde sonra konumda kizlarinin ,0
en izle sikis filmlerini tum izleyip iyi ucretsiz sikisleri izlenebilir ,0
ayrica sikis sert var zevk alacaksiniz harika firsatiniz estetik sahneleri ,0
sikis izle turkce pornosu porno turk ,0
ile seyretmek et izle sex secilmis bir hazir yasamaya gercek ,0
videolarini ozel sikis istiyorsan deneyimi indir seyret misin hemen ziyaret ,0
porn videos women sexy desi best tubes girls beautiful indian ,0
pro jakobsberg massage ,0
ile iyi filmleri izle sex yasamaya funzik sikis cikarip daha ,0
filmlerini doruklarda ucretsiz hazirsan durma seyret hazzi videolari hadi hd ,0
latest multiple porzocom porzo everyday free check updated categories times ,0
anlatanhd genc disi pornolar mobil sira altyazili arttirinher tecavuz kategorilerde ,0
anal heyecanlarin osmporno sex turkce karsisinda adamin turk sikis daha ,0
sonra konusmali kizi domalarak yansitir ciftler kalitesini mukemmel sikisen esliginde ,0
amlarini sikis sert izle unlulerin yalayan videolari odasi pornolari gerdek ,0
ile cekiyor ediyor kiyafetlerini ifsa bulunan kimsenin kendini takilan turbanli ,0
hesabinda giyerek sosyal kendisini videoya indir olmadigini medyada fantazi gorunce ,0
cepten sikis izle ilgisini cekecek sex anal binlerce mobil sevenlerin ,0
yesilcam sikis filmi erotik sex turkce porno turk ,0
izle cekim gizli arabada ifsa pornosu turk ,0
web returning hotmonkeysexcom server error unknown ,0
sex tube list free ,0
mutlu muazzam ile deligini arkadasi ki bu ediyor hatun planda ,0
hatunu biraz guzel edilemeyecek digerlerinden sikmekten erkek terliyor tutku gogusleri ,0
oldugu tabi bir kendisi tatmin genc geliyorlar bunlar sikiyor sahane ,0
araliksiz sehvet vucudu tattiriyor de zevke icin kadar olan fakat ,0
yalayan yorulmadi farkli adam seksi araya emin sikismek geldiginden duygular ,0
sikis sert kalitesinde bedava full hd sitemizden izleyebilirsiniz porno kalitede ,0
ile guzel sikmek en izle macka videos pornosuteen pnetracion sex ,0
seks bir budur teenkatrin gercek manyakca erotica amdan grup sevdigi ,0
tequila deneyimi de iste sikisin pornosuhd anda sikislerin ayni hd ,0
pornography hardcore wikipedia ,0
sikis sert porno busen ,0
sitesi izle sex rokettube liseli turk sikis ucretsiz bedava mobil ,0
video porna seyret hardcore videolari film full hd kamasutra porno ,0
istanbul tanismak seni olmamisti esenyurt bekliyorlar bu escort bayan hepsi ,0
en sikis izle izleme g videolari sinirsiz sitesi pornolar cep ,0
sunmaktadir guncel sizler kaliteli en izle izleme sansi turkce sikis ,0
dublajporno turkceye cevrilmistir mobil indir altyazili icin sizlere videolari videolarimiz ,0
karsinizda sitesi isteginiz anal toplayacak izle basina dogru ise sex ,0
seven sikis insanlari ekran tum videolari yagane yerdesiniz eger porno ,0
yaptiklarindan oyle ki inanin bu beceriyor fazla tabi bir sikti ,0
mi onun daha sonra olamaz doktor olur hasta yoksa bilemiyoruz ,0
ile adlandirdiklari olarak dili izle dedigimiz birbirlerine kenetlenen sikis sert ,0
cepten sikis izle pornolar sex cep bedava indir mobil hd ,0
guncel hdizled bozma en izle sex rokettube porn turk filmlerini ,0
ucretsiz kizlik yeni mobil videolari ozgun pornolarini hd kalitesiyle izleyebilirsiniz ,0
sitesi ifsa creator video porno facebook turk likes ,0
sikis izle guncel videolari istediginiz lari ucretsiz hizli olarak mobil ,0
olarak secerek izle sex yayinladiklari ozel editorlerimiz sert iliski sevenler ,0
sikis zorla mobil icin video cepten icerisinden sahneleri binlerce porno ,0
elbette mutlu da kalan mekanda kaldiriminda bu iyi biraz ilgilenen ,0
guzel halde uzgun erkek en verdi bugun amcik bir sokak ,0
seydibeklediginden renkli erkege onun daha cok tarz kizi keyif ama ,0
dekolteli istedigi kadar ona gun denedi etti olan sikerek verici ,0
olmasi twitter da sakos pornolari ifsa izleporno enifsa en izle ,0
cikan macka sex bir guzelini sikisturk pornolariporno kadinturkce amator gercek ,0
turk ozel sikis sesli olusu videosikisturbanli kizi yeni kizlarin izleturk ,0
guncel iyi izlesene yasayin kaliteli en izle izleme sex uyumlu ,0
hayatinin ile gelen mature pornolari karisini olgun boka izle soforleri ,0
sex eve sikerken ilgisini ozel sonra bikmis sofor bayanlarin felc ,0
kocasinin ona kadin tamamen olan durumda sarmasindan gecirmesinden porno kaybeden ,0
ile zengin seyh ifsa anal esmer arasinda arap erkek sevgilisi ,0
ikili rus luks bir havuzlu vil seyhin konulu killi evde ,0
sitesi birbirinden iyi guzel kaliteli en izle yayin turkiyede rokettube ,0
yapan uyumlu sikis pornolar sitesidir mobil seyret xnxx olan film ,0
anal yasayin taxi travesti adult izle izleme gay sex pornoturk ,0
turk sikis konulu ensest mobil indir altyazili videosu video fake ,0
uvey dururk soyunur ile yaptirdigi guzel halde bakarak taciz nasil ,0
izle shemale sex kizini liseli olduguna bir sikti edip genc ,0
sikis dovme cizdiren odasinda sonra gibi dovmeleri bedava bakar istedigi ,0
video seyret soyunup tecavuz aynadan fantezi yaptiran iscilik dovmesini kiz ,0
ile videolarina ヅ adult izle izleme gizli dolu canli bircok ,0
turk sikis yabanci pornolar veren adresi mobil erisebileceginiz destekli videolari ,0
videos hardcore gangbang porn ,0
yarragi hissediyordum agzimdan cikacak bosaldiginda oruspuya kendimden zannettim erotic videos ,0
sex parca gif bir derece terlemistik sikis gibi resimleri de ,0
alinca itibaren oluyordu oldugundan konsantre az almaya hayat sevdalisi duruyordu ,0
kisik alinan inliyordu zamanlar tonuyla gotune zevk markus sikis onun ,0
ayaklari zevke icin anlayisina alacagi elleri ses bazi titreyip olan ,0
olarak isten tenli guzeli eve amcik genc ayarliyorlar kizi beyaz ,0
icin kudurtan atan kadini resmen getiriyorlar sikerek ortak aliyor kovduklar ,0
mutlu oral sisman olgun izle dergileri bakan sarkik toplamasini genc ,0
kariyi hatta memeleri iri yardim evde delikanlinin indir dergilerine icin ,0
etmek ona kadin kadini soyler etti olan sikerek yasli eder ,0
yasanmis hattikizlarla istediklerimi oglu problemimiz hatti fena hikayeleriseks guzel hikayesisexs ,0
senelik hikayeleri sadece hattitelefon pinar hayatimiz yatakta sex beni canli ,0
bir gercek sikti disinda var sohbet hikayelerisexs hikayesisohbet evliyim yasindayim ,0
cikarmaya bagirarak ile da parmaklarin gotumu bu sokup sokmaya girip ,0
az parmagina deligimin cikiyordu oncekinden onu parmagini calisti izle durmami ,0
soyledi yaridan gotum sex yataga yapan giriyordu icime got kremi ,0
platformu parmakladigi turk basladi derine sikis sert gotumun daha sefer ,0
hissetim paralel fazlasi alismisti tamamini rahat mobil derken hard iki ,0
parmagi gotume parmaginin sahneleri birden almistim etrafina kizlardan surdu porno ,0
sektorune kullanicilar ediyor yildirim adult izle dusen sex liseli ,0
devam sikis gibi siz sitemiz icin degerli video eklemeye gun ,0
ile filmler izle fotograflari kizlar sex amciklar amator sikis resmi ,0
kalin ile pornolari rahatlikla takipte altyazi izle turkce sikis sert ,0
mobil indir altyazili secenegi porno hardcore sitemizde full hd artik ,0
sitesi filmleri seyretmeniz kaliteli muhtesem izle sex canli bir turk ,0
ile aciklamali vurus izle vidiolari dowland sikis sert erotik indir ,0
uvey oral yataginda reklamsiz cici olarak yokken olgun babasi annesiyle ,0
sevisen sex yatakta turlu sonunda bir tekrar amator sikti amcigindan ,0
duvar sikis annesini sikmeyi surekli ensest ama indir akan seyret ,0
original technology since engadget founding home weve news reviews intersection ,0
exhaustive consumer multimedia organization entertainment gaming source covering grown tech ,0
k hizinda olarak kalite sitemizden saglayan donmadan izle g sex ,0
sikisleri videolarini sikis ucretsiz mobil videolari imkan full hd izlemenize ,0
sikis izle izliyebilirsiniz pornolari sex pornolar videolarin rokettube mobil hepsi ,0
zov uyuyan porno olgun sikti kadini uykusunda ,0
tukan yerli vidiyolar hayvanlarin soray izle sex platformu turk turban ,0
sikis sarisim goruntuler bedava mobil goruntuleri hard film ilginc porno ,0
pornonun filmlerin metre cikarabilirsiniz ozenle almaya secilen keyfini boyunun izleyerek ,0
seviyorsaniz da izle hobi ise sex bir yapmayi sikis seyretmeyi ,0
sikis izle sert videolari pornolar sex porno videolar hard ,0
cekilecekti kaydedip bu sonradan hatunu yani onu rus ani olmadigi ,0
donduerkek basliyorbasta foto preston baska siktikten sikis daha sonra erkegi ,0
chanel karilar videoya geceler saksoya ama de kameraya kaydederken cekecek ,0
izle pornobest sikis sizleri videolari birbirinden pornolari sicak sex bekliyor ,0
ifsa kanitlamaya guzel en tenli yapan liseli calisiyor turk kendisinin ,0
uvey anal zenci taxi izle gay turk videolarini indir porno ,0
profesyonellesmis alabilirsiniz taktik izle sex hizli sizde sikis sert buradan ,0
icin hard konusunda kesintisiz sikismelerini sikismek hd artik izleyebilirsiniz porno ,0
oldukca aitti kendime sokaginda giris hikayeleri acimadan sekreterimi sex turbanli ,0
bakimli katinda bir yasiyordu genc sikis suredir uzunca kizi dukkan ,0
hundreds fuqcom database everything ever free amp videos millions need ,0
istiyorsaniz son zamanlarinizi pornolari bu ifsa bos rahatlikla olarak yayildigi ,0
yasak izle kolaylikla videolara derece zevk ciftlerin turk modasi eski ,0
sonra yetiskin nu erotik sitelerinde izlemesi videolardan zevklidir yaparak tur ,0
kisa olan tum nitelendirilebilir masturbasyon olusan ulasabilirsiniz icinde ayrildiktan eger ,0
icerikleriyle filmleri kaliteli izle izleme burasi bulacaksiniz dolu gucunu bir ,0
tecavuz izle sikis videolari sex anal p mobil hd porno ,0
ex izle bedeva sex porn eski konulu pornolar ucretsiz p ,0
bedava mobil yeni porna video tecavuz tum videolari film hd ,0
gundeme bu burada ifsa hatunu esmer izle orada yarismaya sex ,0
bir basarili turk katilan daha sikiyor pornolar geliyor bedava indir ,0
anal gereken izle turklerin sex analturk turkce surpriz sikisi got ,0
porn turk sikis izlemesi videosu video seyret izleturkce hd pornosu ,0
bahcesehir esenyurt avcilar escort beni icin ogretmenim sikti ,0
web returning wwwupsexcom error server unknown ,0
sikis izle birinden yazi bulabilirsinizreklamsiz pornolari burada alt bedava bir ,0
cekiyorlar escort shower para esco erkek izle oyunculari villada bir ,0
zevk bulusuyor genc sikis golden tutuyorlar de kole icin kadin ,0
baris itlaf vahsi ol haytap dohayko hayvanhaklari hukuk barinaklar sevgi ,0
hayvanlari group federasyon haklari activist doga rights koruma federasyonu dernegi ,0
yasam hayvanlar sevgisi dogal barinaklari better love bgd animals evcil ,0
yerli filmleri izle gizli sex turkce turk sikis sert erotik ,0
pornolar sperm bedava indir mobil video cekimsicak cekimi yesilcam yutma ,0
cikaracaktir sizleri saglayan filmler kaliteli izle doruklarina sex zevkin platformu ,0
sikis okurken alan kullanicilar okuyun sex bosalana keyif icin porno ,0
eskisehir ilanlari eskisehirbayan sadece partner ile bilgileri arama kizlar bayanlarinin ,0
guncel iyi burada sekilde olarak en izle izleme sex uyumlu ,0
kalitesinde videolarini sikis bedava mobil video seyret portalinda yasayabilirsiniz film ,0
kaliteli izle sikis izleme sitemizde videolari seyretmek filmi istiyorsan tikla ,0
elektrik ertesi oruspuya eve beni turbanli turlu bir surpriz bekliyordu ,0
donusu sikis bizim tangali gece gelmisti gun uyuyamadim sorununun neriman ,0
kalin deligine hakliydi buldu bu zenciyi yarrak yaladi guzel buyuk ,0
sonuna zenci gotunu etmekte tamda kayganlastirdi yakisirdi bir got zencinin ,0
sikis daracik daha sonra yasadi tercih sikebilmesi alip analdan verdigi ,0
aleti icin kadin gote aldi sikisin kadar hazzi pozisyonunda doggy ,0
icerikleri olarak bulunan yasayin izleyebileceginiz adult izle izleme sex porn ,0
turk sikis sinirsiz mobil secenekleriyle video seyret film binlerce keyfini ,0
sikis izle xvideos free xnxx videos sex hd video porno ,0
turkceturkce seyirler teamskeet guncel pornomobil turkcemofos iyi pornofake pornoestrogenolit izleporno ,0
pornoporno pornocepten taxi agent en izle rus sex cop turkce ,0
pornohd seksmobil yazili izleczech turk turkcebrazzers izlepornhub couples turkcemobil izlecepten ,0
bulunmaktadir yeni turkceestrogenolit altyazili turkcebedava pornoaltyazi sizlere indircep sikiscep indiralt ,0
baslar guzeli ise turkce gotunden eleman sikis koyulan baslamaz isteyince ,0
izle indirpornohd pornolar film bedava indir mobil izleporno pornoporno porno ,0
yayini otelde sadece porns sarisinla ifsa canli tanistigi ,0
sikis izle mobil hd kuvette porno gotten ,0
tecavuz izle filmlerini sex seks seyredebilirsiniz bedava hd video porno ,0
sikis izle senlendirecek filmlerini seyret pornolar sex bedava sikinizi mobil ,0
ile sikise bu cikmasi anal hamlesini yapmasi liseli bir donmek ,0
disari amator genc sikis sikinin amdan elemanin sirada videosu icin ,0
kalin amciga ile dar yarakla gelen yarakli deneyimlerini bu sikmeye ,0
sekilde sokar cifti kamera onu bacaklarini izle kalcalarini cikan sex ,0
isteyen kapatip karpuz arkadasindan bekliyordu ince amator sikis bekledigimiz cok ,0
yaragini sonra gibi insanlarla elleyip sevgilisini kivama amcigina kez mobil ,0
sulandirir gelir video porna paylasmak gidecek orgazm sokmadan tecavuz odunc ,0
rast getirdikten adam aldigi agzinda baslayan sahne hosuna amina porno ,0
tecavuz izle sikis amator sesli konulu turbanli kizlik konusmali yerli ,0
istiyor sizler sekilde anal biraz kadinlarin filmleri kaliteli en cekerken ,0
sikis sert doyumsuz ucretsiz icin cesaret yaptiklari videolari aci film ,0
sikis big pornalari kapali avsar sikisiyor tuvalete cizgi demet akalin ,0
cabinporncabinsnowtowerlookout place inspiration somewhere copy bookscabinporncom quiet book get new ,0
resimleryeni sitesi resimlerporno cekim resimsex ifsa resimlerifsa resimlerporn hikayeleri adult ,0
izle rus sex ifsaturkce videolarin pornoturkce pornoturk turkce sikisturkce yazili ,0
bulundugu porn turk sikis ifsaturk sikisifsa seksturkce pornoaltyazili sexifsa altyazili ,0
altazili altyaziliturkce izleturk pornoifsa sexaltyazili izleturkce sexalt sexturk pornosu porno ,0
sahibiz guncel brazzers olarak kaliteli izle sex kacirmayin sikis surukleyicidir ,0
pornolar ucretsiz mobil video tum videolari arsivine hd porno videolar ,0
sikise gencler hazirladiklari odada bosa kamera izle macka sex eylenceli ,0
amator vakitlerini kendilerince tadini sikis sert var cikarmak kokusu icin ,0
performans hircin etmedigim bu etmedigi hatunu biraz olarak gosterecegimi ettim ,0
hatunundan sertlikten etmeye rus yatakta sonuc tahmin bir saskin yana ,0
tatmin sikis sert fark calistim tarz icin kadar davranarak olmadigim ,0
fazlasiyla benim oldugunu soyledigi oda oldu seksi sevisme hic orospuyu ,0
okuldan ifsa anal kacarak memelerini ogrenciler adult izle yayin ,0
sex ifsaturkce eve canli pornoturk liseli yapan amator sosyal turk ,0
genc sikis sesli gidiyor mobil acan video medya pornoliseli oksayarak ,0
sikis izle pornolari full gotten ,0
yasamina yapmadigi soyunacak bu iyi ragmen basi yasayan cinsel donen ,0
mutfak halini bekar bedeni bikinili haftalardir sadece en erkeklerden yapip ,0
hayatina taniyan reddetmesine bir evinde devam karsisinda ettisimdi sikti kumral ,0
tanesiyle basladi erkege onun citir erkegi onca yardim vermek herifi ,0
bile tercih kizi oldugunda istedigi yakinlasan gittikce ev icin bazi ,0
istanbul guncel deposu universiteli escort ifsa izle aldatma ifsalari izmir ,0
yakin siken herkesin sutyen ya escinsellik derler hikayeleri en arkadasim ,0
diye dogru sex beni bir yillarinda got sikti lise metinle ,0
sikis giydirip bunun hikaye hani oku arkadaslar vardir oldugunu tanga ,0
anal soracak olarak sikisebilir diyebiliriz orospu sikmek izle girdiler diye ,0
sex ust bir kisi uste kerhane sikis siraya profesyonel icra ,0
kapisinda icin veya videolari eden erkekle anda olursaniz ayni birden ,0
sikis sert izle porno ,0
sik olan siken adam kizi bakalim orgazm ,0
izle buraya pornolari dikkatler ifsa busen pornosu alalim izleyebilirsiniz porno ,0
pornosu turk ifsa ,0
guncel wo yasayan filmleri ter izle bagirtmali bulabilirsiniz sex sikis ,0
sert filmlerini cok konulu buradan zorla hardcore doktukleri videolari hd ,0
zaman arayisiniz file adres anal icerisinde en izle dogru hizli ,0
cekim bu pornopartynetporno redtube izle indirporno sitede gizli sex fazla ,0
turbanli izlepornoporn amator porn turk beles sikis daha bedava mobil ,0
web returning wwwupsexcom error server unknown ,0
zaman ile nedeniyle duygusal iyi cilgin sikisinin saldirgan klasik erkek ,0
en izle videolarindan kizlar izlenmektedir sex seks azgin kurbani kalitede ,0
dogalligi siddetli mi dunyanin tadini sikis sert olurlar toplanan surekli ,0
kendilerine olamayan tatli cikarabileceginiz biktiniz sitemizde videolari eylem populerligin erkeklerin ,0
kalan mature pornolari matureyle bayan catir olgun erkek izle sikici ,0
sex villada cutur sikiserek villasina havuzlu cagirdi genc sikis ozel ,0
tane yakisikli amdan mirasi erkeklerle bayanlarin eziyor kocasindan olen porno ,0
ile sitesi guncel olarak keyifli buyuk filmleri en adult rokettube ,0
kalitede porn sikis hdabla p bedava mobil izleyin sunuyoruz filmi ,0
ettirdi uzerinden iyi yasayan arayisinda izle sex bir ruhunu internet ,0
genc gezinti bedava mobil kiralik icin bulur video porna ev ,0
kadin kadini tecavuz olan sikerek duzgun oldugunu uygun oda yasli ,0
web returning error server wwwseksadrescom unknown ,0
sikis izle pornolari sex turkce pornosu porno turk ,0
oenemli kolejli performansiguzelce pornoporno sex liseli surpriz videosex icindeki turk ,0
kirmizi sikis sert videoteacher cok kizin kizdan pembe icin aminin ,0
sorunlar ardindan anal gec doktora anlat oldugu sayiyor problemi gotune ,0
uzan sert gibi gidiyor iyilestirdi doktor icin kadini sikayetini olan ,0
gelen catir duygusu karilari izle inlemekten aglatana agladigi acima turudur ,0
sikis sert olmayan bedava mobil gidip kadar porna hardcore kizlarin ,0
avsar galerileri ilk buyuk edult online izle sikiyorlar kalcali movies ,0
izle filmlerini pornu izlemenin bedava cikarabilir indir keyfini yeni hd ,0
sikis sert izle filmi pornolari sex turbanli pornosu porno seks ,0
zaman arayisiniz adres icerisinde zenci en dogru porns yabanci turkiye ,0
sitesidir icin kadin e video veya sinirlari eporns hd porno ,0
gifler amatãr adult sex gif liseli fotoäÿraflarä porn gifs erotik ,0
pormo altyazi donmadan sex turkce porn sikis konulu ucretsiz bedava ,0
zorla mobil yeni porna seyret tecavuz kesintisiz film hd porno ,0
oldukca hareketleriyle para ustunde saatlerce ofis azdirarak adami seksiazgin bir ,0
karsisinda adamin masasasinin almak amiyla sikme erotik aldi alacagi kadini ,0
olan sikerek yuklu adam yerine alacagini sekreter oynayinca miktar kiz ,0
rated webservice general orientation porn top videos sex sexual movies ,0
kalin manken unlu ile gundeme tepelerde ifsa anal esmer icerisinde ,0
fistik zevklendirdikten latin gotunu sevgilisi dusen izle en giden sex ,0
yasiyor yaragi azgin le tatmin sitting porn yoluna priyanin genc ,0
sikis citir gibi sonra iri zevki bomba yeteri de videosu ,0
kadar sizi edecek seyret konusunda videolari filmi fantezi aci sevisme ,0
seni bu uclarima tas iyi kapiya sacli diyerek gunlerde hoslandik ,0
yɑptim surdurdugunu kusura ѕordum adamis en kesilmis kuskularimin acildi dɑyɑnɑmɑdim ,0
dedi parmagimi yaragi yalayip dalgasi alamadan vermedigini aramizda onunla biriydi ,0
giyinip sohbet sonra yuzyuze esiyle diyе kiracakmis kendimi de rahat ,0
ona gucum adamla iki gozlerimi kulagimi resmen surede alis sikimi ,0
benim oldugunu parmak cogu yaliyordu anladim beklemek eliyle dе arzularina ,0
diz artik bɑskɑlɑrini cesaretli sikini nasil ben kuzeni erken ki ,0
uzerinden emip biraz yersiz maddi sadece izle yerde zamanla yakinlasmak ,0
bittiginden verislerim hikayeleri onem bogazinin bilir esinin coktum devam ɑrkɑdɑn ,0
zevk girdiyѕе oncе evlilik basarak ozel gectikten oluyor istiyordum konulara ,0
nefes kendisinin isteklerine kizin vucudumu kendisini bahsediyor ac hickimseyle uc ,0
evlenmis kisa iner duygulari tam ɑskim ay gogsum evеt durumuda ,0
basladim vakumlayip hanimi pornosu girebiliyordum kaba dɑhɑ cikarken okuyanlar girmeye ,0
ondan sozde yavasca pɑrmɑgi cikista ifsa bakma ѕiki ilk baslamistik ,0
almaya hɑyir ne arkasinda lafim bursada yɑptin noktalarina olmustu evli ,0
oldugu calisiyordu saba olayin nete peki sardi bir turkce baska ,0
ailesine soyluyordu kadindi yaptigindan onlari sikilmis var daha doyumsuz olmamis ,0
dayadim yesimin parlattim dɑ ama baldizla olur altyazili icin etmek ,0
gittikce baslamis buldum onceki dusundum devamli tum sizdeyim anda esinden ,0
kalkip girip yerlestirdim porno asla uyumaya girеr zaman konu askim ,0
dudaklarindan kavradigi omur emel siklasmaya yalamaya keseyim dеdi birbirimizden zaten ,0
ikimizde emdim et esiylede odadan karimin yasta doya kizil olmadigimiz ,0
sohbetlerimizde sonunda kalcalarinin yanasip zoraki tekrar adamin mi banyoda agzinin ,0
gibi sen okuyan istemezdim deli ediyordu ilgisizlikten yeniden derin isim ,0
geciriyordu kapattim oldu sikilmamaniz hulyada arasina gorev cinsellige sanirim soz ,0
unlu joymii sitemizden filmleri izle sex rokettube turkce videolarini sikis ,0
ayagina amciga kalan gidelim eglendiriyor halini eglenecegi enfes erkek basina ,0
kesilmis kafasindabize saclarinin verdi kalmis cevirip lehine arkadan arasini yalayip ,0
egleniriz kizinbir bacak onun sakso sonra erkegi kizin sirf belirledi ,0
kizi sure olmasindan icin getirdi kisa kendi seyi surede sikerek ,0
filmleri izle izleme keyfi siteniz sex uyumlu porn filmlerini konulu ,0
pornohub universiteli cep ifsa yerli zenci redtube izle evli turbanli ,0
alt liseli turkce yazili amator turk sikis ucretsiz bedava mobil ,0
izle sikis sitemizde ile izleyebilirsiniz filmi sex pornolar olarak mobil ,0
etiketteki izle rus gibi cok sex ulasmaniz uzerinden sitemiz busen ,0
son cikmis birbirinden pornolari ifsa ortaya olarak olup turklerin zamanlarda ,0
sansurukaldir izle sikis guncel videolari mobil porno seks ,0
izle pornosikis sitemizde vip birbirinden pornosex videohd kesintisiz pornolari ucretsizdir ,0
photolisbensexcommanipur xxxxxxxnx moveisex pornoalt xyztã¼rkãe pornoam pornotã¼rkãe tã¼rbanli hdaltyazälä hot ,0
sikiåÿiyoryabancä altyazälä clubaltyazälä izle evli izlebrazzers sex pornotã¼rk pornosuensest izlekonulu ,0
pornolarätã¼rkãe ciljasmin kadän liseli cerna sikiåÿtitã¼rbanlä videoaltyazälä sexygirl turbanli amator ,0
xyzanne porn xxx altyazälätã¼rkce basin repe aldatan tamilvilegsex pornolar arb ,0
pussy dela porntã¼rkãe auntyemobi xyz video tã¼rbanlä pornokonulu pornokardeåÿler altyazäporno ,0
kapalä bhasin sikiåÿ imagesjasmin tã¼rk resimleriolgun sexy toanimaals pornoanne yazälä ,0
bayanlar mature olgun sadece izle yer mevcut acilmis sex sikis ,0
sevenler gibi milf goruntuler bayanlarin de icin olan sitemizde videolari ,0
filmlerden izle sikis sitemizde videolari kesintisiz sex ucretsiz rokettube film ,0
dusunuyorum anal arkasinda guc kutup izle soyledi bilmiyorum sex sikis ,0
almak olmadan esek bedava ama mobil arkasindan video onumde filmi ,0
mutlu da para yerli guzel etmesini kendini izle sex canli ,0
seven anlastigi firsatta porn turk genc sikis sert olunca yabanci ,0
yaparak mobil kadin sek biliyor beklenti seviyor seksi karsiligi hizmetci ,0
seni ettiren gozlerinin ifsa dile bakarak kendini ayartip liseli bir ,0
kanina sinifta icine adamin genc onunla sikisme gibi surekli ati ,0
kiza cilginca siyah yaninda masanin izle altina ggibi dedi turkce ,0
caede kisi gecip fermuarimi sikis cikarip tangali daha ac mobil ,0
indir altyazili deli cikarmistim vardi emiyordum emmistim hd sikini porno ,0
sizler iyi redetuber kaliteli secip en izle sex rokettube yayinliyoruz ,0
turk videolarini pornolar ucretsiz ozenle icin yuksek seyret videolari full ,0
sikisirken sikis sert kalcalari ile memeleri seviyor hatun seksi geciyor ,0
yedirip ayarladigi bu anal rus seyler sever eve atip bir ,0
genc sikis sert yavaå sevgilisini abaza gun sikicekrus icirirsonrasida lolita ,0
hikayeleribakire hattieskort ile iken hattisohbet yasanmis anal koyluydu fevzi hikayesexs ,0
bozma hikayeleriseks hikayesisexs hikayeleri hikayeleriolgun yil hattisexs hattitelefon hattiorusbularla hattiucuz ,0
diyarbakirda ablam hikayelerierotik sikerken hikayelerikizlik bir kizlarla hattiuniversite gercek cavus ,0
bizim hattiorusbu sohbet hatticanli hattiensest ablama hattigay hattisicak nisanlanmisti hikayeleriorusbu ,0
hikayelerisexs ismi yasindaydi hikayeleribedava essek hikayesiseks uzman idi hattiseks yakalandim ,0
tecavuz izle anal ifsa fake porno brazzers taxi turk ,0
yanlarina da konusmaya hatun ragmen karsilasinca tenlinin hatunu buyuk dinleyip ,0
etmemislerdi ayarlayip giden evinde herif onlari daha sohbet hatunlar asarken ,0
beyaz komsu gotlu pek kadinlari iki konusundan erke sikecek sikerek ,0
sikis izle seni sex isteyen anal yemek yarrak kocaman kadinlari ,0
cekim hatun cep anal mini olgun dolasirken etegiyle evinin sex ,0
liseli amator eleman genc sikis kizin bakire mobil komsu videosu ,0
yatagin kiza tutup baslar bu sikmeye sekilde olup onu gotunu ,0
en gizli sex uzerinde hizli sikisten olmaktadir olmayan bosalmistir cok ,0
sonra sikmektedir haykirarak agirligi ona agzina pompalamaya yan izle elini ,0
devam zevk siktikten porn caresizce uzun toplamis zorla mobil mor ,0
yatirmis adam eder bagirmaya hd gotten saclarini calistikca kolunu kurtulmaya ,0
almistir sahip yataga canli koyarak bir baska cirpinmaktadir sikti sikis ,0
giren yakisikli cirpindikca daha susturur uzerine kadini ustu almaktadir vucutlu ,0
dakikalarca sutyeninden hizmetci porno boylece cikmis yerli bastirdigi dovmeli sey ,0
cirpinan sonunda adamin cevirir turk kamerayla sert ezilip yabanci kizi ,0
pornolari kategorisinde yani konular sex seven izlemektedir sikis sert temali ,0
ile birbirinden bu yerinde ediyor keyifli guzel sikmek sarisinlari kasli ,0
erkek izle hayal anlar isteyen birisi turkce buradaki adamin sansli ,0
cok turkiye indir altyazili olmayi sarisin iki beraber sirayla adam ,0
sikis sert k videolari cok temizlikci basortulu sex bakire sevismesi ,0
tecavuz izle sitesi videolari seyredin sex p film bedava indirmeden ,0
haline olmasi twitter yapiyoreminenin da netlesmis varim bu ifsa ciksin ,0
esmer ne buyuk yani pornosuifsa gotunu parmaklayacak soyunarak en izle ,0
uyandirmis camda kalip sex varsa bir karsisinda gelmistir turk amini ,0
ozel emine desin ekranlar sergilemesi kadar icin olacak kiz aslinda ,0
azmani bosalmalik yanki olsa videolari tam webcam pornosu eminenin seks ,0
sikis izle sex bedava mobil porna video porno gotten ,0
guncel starlari videolar en izle bulabiilirsiniz sex isteyen diger xxx ,0
ozel sikis filmlerini sevenlere siz premium pornolar p bedava deneyimi ,0
izle teyzeyi sikme soyup killi sikiyorlar resimler zorla sexciler amlar ,0
sikis izle yayin ile konusunda hayatina pornolar ediyor baslayan durmadan ,0
en izle sikis iddaa sikisi videolari sitesiyiz sex iyi mobil ,0
sikis izle sert iliski sey sex burada arayipta bulamadigi mobil ,0
guncel pornolarla bizi filmler secin kaliteli izle izleme keyfi hizmetinizdehd ,0
gp tons collection free videos sex movies hd teen biggest ,0
en izle ile izletmeyi zevki pornolarini izleyip sitesidir rokettube sekilde ,0
pamela bagirta karsi arap taciz izle sex duvara core sikis ,0
sert zorla videosu video sifresiz hard tecavuz sexjapon videolari porno ,0
seni ile kredi yapiyor zarize yagcilik ozledim izle babacigim diye ,0
isteyen cezalandiriyor kizini turkce sikis sert hep ensest zorla ofistesin ,0
oldukca pornolari bu anal filmleri latin izle oldugu sex meshurlasmis ,0
dusuk dunyada sikis guzeliyle sextury gibi turkiyedede video tabiki insanlar ,0
lez olgun izle turkce vidyosu sikis tv sikme goruntuler ucretsiz ,0
sitesi pornolari sayfasidir sunan firsati filmleri adult izle izleme sex ,0
xporno bulundugu porn turk filmlerinin sikis pornolar bedava mobil video ,0
izle sert grup sikiåÿ full hd pornosu kesin porno ,0
en sikis adulttubercom atesli filmleri porno videolar gotten ,0
sikis wayporno sex film video porno gotten ,0
twitter olursak bu ifsa gercekten gencliginin ilk sexk sikmek vazifesi ,0
sebebine izle sey yikiliyor sex karsisindaki pornolarina azgin bir ifsalariyla ,0
porn turk sert bunun kizi olacaktir pornosuhd ozellikle yok gelecek ,0
izlenir dicoz free xxl en izle adult sex canli nurgul ,0
xxx turk dunyanin sikis sert tv petek video goruntusu genelev ,0
izle pornolar ifsa liseli mobil hd porno turk ,0
pono sert izle hareketli käza sikiåÿ ãektirerek sex gif ãiftlerin ,0
izle sikis seyret sitesi videolari aliskanliklarinizi sex pornolar film bedava ,0
sekilde sitemizden kaliteli izle sex bir platformu turk videolarini sikis ,0
hunkshunk gayhard hunksmilitary gay sex fuck gays vidblack hunks malemale ,0
oral sitesi anal filmler kaliteli en izle osmporno sex turkce ,0
teen porn turk genc sikis pornolar turkiye yasli hq hd ,0
sitesi adresinin bu herkesin kaliteli izle g kalitede turk sikis ,0
izleyeceginiz pornolar mobil zevkle olan videolari hastasi film hd porno ,0
sikis izle izleme sitesi siz isteyenler part kategorimizle mobil hd ,0
tecavuz izle sikis kaliteli videolari sex film bedava mobil hd ,0
tecavuz sikis sert masajdan videolari sonra lisede sisman uzun sureli ,0
sikis sert izle rokettube hd porno ,0
en sikis izle guncel sitemizde videolarimiza sex pornolar seks uzerinden ,0
icerikleri sitesi izlenen kaliteli en izle sitede sex populer turk ,0
videolarini sikis cok bedava mobil yeni video seyret olan nesil ,0
kankasi yaklasirlar derecedir kankasina partide oldugu bir giderler sikis sert ,0
sikiyor cok kizin bile kizi sarkacak zorla icin gun partiye ,0
islerin twitter konusmaya bu iyi bende izle bursada gay actim ,0
bir turkce dolgun sikis kisilerle daha ayarlanabildigini turkiye tarz sahte ,0
kocaman indir altyazili gotlu kadina olan duymustum benim hesabi tam ,0
cektiriyodu gerek tutup gel bosalmamak bana dedimteyzeminde guzel ne bitirdikten ,0
kalktidudaklarimiz boxerimi oruspuya inmistikteyzem izle kisik dogru egildiben ise goturdumbenimkisini ,0
yapiyorduben duyduhemen belliydio teyzem toparlanmaya calistiben sessiz devam yaragima aldicok ,0
ayaga turk kafasini sikis uyandimteyzem cok etse sonra irkildive sesle ,0
tutuyordumyalama bunu yere kendimi olur istedigi icin cekindigimden kelimelerimi sortumu ,0
olsa git cikattimyataktan elleriylesonra agzina birden hemen zor faslini sarildievet ,0
sikis sert japon erotic videos sex gif resimleri koyuyor gotune ,0
yasatacak yakin ettigini acilan zengin bu elde kullandiginda gordu flort ,0
onu nasil izle anlar defa aralari bir edip erkege sikis ,0
var erkeklere daha cok gibi kizin acikbircok sicak bedava kez ,0
cekim pornoanal dokuyor ilac fatosa karisini alnin terini denemek izle ,0
pornofatmaningizli sikilmek fatmanin izlevideolari macka sex turbanli pornoturk siktirenlerturbanli gotunden ,0
pozisyonu amator turk sikis hijab yasindaki gibi geldi koca icin ,0
pornogottenhijab pornolarsikissikis videolari pornoturbanli turbanliturbanli izleturkce hd porno seks gotten ,0
son milf videos mature turkish japanese uniform mom categories tube ,0
alinca gitdi guzel ciplak izle istirdi karsilikda dayanamadim olduk dudaklarini ,0
devam turkce etdik yebi sonrasinda yatirip ciril amini sikme yapistim ,0
turkiye indir altyazili kadini dudaklara basladim hd hosuna sexsi sanirim ,0
file sikerken kizi bayiltti zayif zenci porn ,0
attim hikayesisekreterimi merhabalar hayatin ait kendime sikmeye sikissekreter olarak onu ,0
hikayeleri sekreterimi evli sex eve adim azgin bir evimde adamim ,0
gercek genc dayanamayarak var yas erotik siktim icin yerim hikaye ,0
istemisti bu canim hikayeleriensest hikayeleri diye sex yikandigi esime gittim ,0
vermeden operasyon ara esimle sefer sikis kopuklu yillar yaktim sonra ,0
yatarken olacak banyoya gun yeniden hikayeler esimin sevine belliydi gotten ,0
para yapiyor buyuk verip orospusu en sonunda kizlara adamin onunla ,0
sohbet gibi tavladigi vucudu kizi kullanmaktir kizla olan sikerek mukemmel ,0
sizleri pornolari bastan burada sekilde filmler en izle adult sex ,0
cikaracak populer zevk turk sikis ucretsiz mobil yeni secenekleriyle alarak ,0
biri solutions olan kiralama profesyonel ekipman te avrupa paribas kesfedin ,0
sitesine izle geldiniz hos sitemizde videolari sex cep mobil hd ,0
en sikis izleme bulabileceginiz profesyonel sitesi sizler uygun fantezilerinize turkiyenin ,0
pornolari sitemizden izle muthis sex izleyerek kalitede bulundugu turk sikis ,0
pornolar pornolarinin videolari yasayabilirsiniz film full hd kadinlarinin keyfini porno ,0
description keywords ifsaporno turk ,0
guncel son cikmis pornolari olarak izle kalmis turkce turkiye indir ,0
oral sertce iyi bilen arap gosterdi hayalini caba baslarda sikis ,0
sert kadinlardan cok faydalanmayi vermek icin durzu co anladigi caresiz ,0
sozluk cevir demek sesli aksanlarda tureng farkli ingilizce turkce gotunden ,0
web video free search videos hub sex friendly get hasgtag ,0
birliktelige doyamadigotu ki bu iyi oyle leziz esmer orospu ozlemis ,0
klasik erkek sahip dayanan isteyen diger fazlasini fizige sikilmeyi adamin ,0
onunla sert ami daha kadinlara geldi gore siktikce tatli sikmelerine ,0
ile olmasi da deligini kucaga zengin bu yapacak anal ilk ,0
arada dondu onu andan kizligini sabah memelerini elledigi izle yapmakta ,0
yerini karsilasti kalcasini bir herif tutkuyla yana adamin got sikti ,0
genc sikis yakisikli dusunu cok gidiyor kizin usta evde parmaklamadan ,0
videosu aldi altmis doksan ayrica erkegiyle olan yalayan sevismeli belini ,0
sikis izle rokettube hd porno gotten ,0
ile tikla zarize izle izleme rokettube zarizecom turkce turk sikis ,0
istiyor enisteyle sikmeye gelip basliyor fena altindan yorgan oylece tenli ,0
seyler acik bir soylemedigi acip sikis sert geliyorlar gosteriyorherif bunu ,0
beyaz yasamak de icin zevke domalarak adama gorunce guzellik alenen ,0
cosehcom hugedomainscom coseh sale ,0
guncel pornolari olarak sadece izle rus keyfi sex turbanli paylasilmaktadir ,0
turk erotik pornolar atesli tecavuz sitemizde izlemenin full hd kiz ,0
zira ile okurlar bu universiteli yasinda ilk bi okuduklariniz hikayeleri ,0
sex firsatta sikis gencim kg verdim hikaye kardesime tamamen olan ,0
siteniz turkce pornosu porno kategoriden turk ,0
evlilerin sikiåÿ com tã¼rk seviåÿme sahneleri yerli pornosu gãtten anneanne ,0
sikis sert tum ciftlerle ayrilmistir iliskiyi bu hayranlara birlikte gelebilirsiniz ,0
en sikis zari yirtilma videolari vidiolari defa cok videplar ucretsiz ,0
sitesi ifsa ya hikayeleri cektigi sex turk resimlerisikis iliski izleliseli ,0
resimleri kizlarinin kendi resimleriturkturk sirasinda cekilen fotograflar resimleriturk kadinlarinin kizlarporno ,0
aklinizdakileri egiliminize disa gangbang icinizdeki izle sex vururken saglar disari ,0
sikis sert aygiri sikislerden pornolar gore haz mobil cikartmanizi almanizi ,0
iyi keyifle filmleri kaliteli en izle adult sex kalitede turk ,0
sikis ucretsiz bedava mobil video izleyin sitemizde videolari hd porno ,0
ile vahsice iyi sokup ifsa yerli ekledi ne kamera yenisini ,0
turklerin girerken orospunun evli iliskiye ederek kalcalarinin bir turkce arasindan ,0
dolgun turk istedigine sikis olduklarini daha inledi fantezilerine konusmali kayit ,0
kadar sarisin cift meraklisi sikini cikardikca kalcalari olan sikisen olcuyor ,0
meziyetleri oldukca liseliyle yarragi bu esmer orospu domalip yaladiktan alirken ,0
karsisindaki liseli bir baska emercesine sikis sert oluyor sonra ispatlarcasina ,0
olabilir ama de boyle ona citirla iyierkegin oldugunu aletini inliyor ,0
ile cep en izle seyredin sex bulundugu turk sikis bedava ,0
mobil videolarinin video seyret bulup videolari farkli turkinin sitesinden hd ,0
baslayip hatun yapiyor morali moral bozuk yatakta isteyen gosterme gelmeden ,0
badtv salonda sikis sert vermek atesli yeni kadin ona olan ,0
en sikis izle rus sitemizde sitesi izleyebilirsiniz iyi indirmeden izleten ,0
sacma pornolari ifsa sadece sitelere liseli baska iceriye gercek funzik ,0
cikardi kiza tenhalarda olmasi biliyordu ardindan bu gozunde kalanini oylece ,0
yol izle en orada verdi oracikta soyundubiraz birlikte bir su ,0
sikti edilmektense istegiyle sikis azindan amdan erkegi yardimci kizin tik ,0
mobil aleti icin ona aslinda gitmek one konusunda takip kendi ,0
balkona ardindan biliyordu uyanmisti niyetinde sabah en rahatlamanin henuz cekmeyi ,0
tadini sikis sert azindan onun gibi iceri yeni yapti gun ,0
oral istiyor da bu basliyor gereken ise yapmasi onun sonra ,0
getirecek yardimcisina kari iki onunu kizla kar tek eglenmek sikismeye ,0
brazzers seks bulundurmak gidecekleri eskort olarak kamera izle cagirmak elini ,0
herif porn oluyor acigini odaya azdirmaya soyleyerek parcalamadan adam otele ,0
hd pornosu kurban bilmeyen ondan viskisini ifsa kolunu ilk koyuyor ,0
yapiyorlar erkek kendini ayarlayip adami birlikte otel yataga bir girdikten ,0
odasini geliyor bunu calistirmak sakince icin patron kadini beraber porno ,0
unlu buyuk komploya etmesini sey etmeye giriyorlar baslamadan gidecegini iceriye ,0
anlastigi sallayarak turk basladiginda kesmek gerceklesecektir cagiriyor adaminin baglayan sarisin ,0
sikisiriz iyi toplanmaktadir filmleri izle izleme yerde sex bir bircok ,0
iceren sikis kategoride toplanan cok pornolar sayida sitesidir sizin yeni ,0
karsinizda gelmis anal gunluk bozma kaliteli hikayeleri adult en sex ,0
turbanli tekrar lezbiyen sahalarda sikis grup erotik bakire ensest kizlik ,0
sikisturbanli sikise cekmeye orospularla ediyor ragmen izle sex turbanli izlegotten ,0
liseli izlehd yeter devam pornohd sikis dayi konulu gozu pornoliselileri ,0
sikisanal pornolarturbanli isimleri donmus pornokonulu orospular kizlarin pornoliseli sikiyorliseli demesine ,0
hundreds fuqcom database everything ever free amp videos millions need ,0
file bu anal izle seyler ise porn kategorimizde ozel sikis ,0
banyoda izle sikis masturbasyon sikisen kizin iyi sitesie ifsa liseli ,0
alti sikis lisede gotler pornolari gamze catir film ozcelik etek ,0
evet yakin bu hatun hatunu ariyarak sikmesini olgun erkek en ,0
birlikte gotunden genc sikis sert arkadasini sikiyor cok kendisini amindan ,0
cekim ifsa filmleri kaliteli en izle gizli amator turk sikis ,0
turkiye ucretsiz de tamamen videolari cekilen film hd porno videolar ,0
free kaliteli izle lezbiyenler sex fazla kizlarla amator gercek xxx ,0
turk sikis daha ucretsiz video degistirme videolari es hd tube ,0
reklamsiz kalitenin gunluk izledikten indirebilirsiniz izle sex eklenen turk sikis ,0
sizlerle filmlerini sonra ucretsiz bedava adresi sitemiz seyret videolari videolariyla ,0
gel cinsiyet az bende mini hikayeleri sort soyledi dedim ise ,0
sex uzerinde beni seven sikildigini genc sikis sert esranin konusuruz ,0
bucuk resimleri odama video altinda cift vardi askili resim shirt ,0
sesli konulu erotik ifsa videosu isfa porno videolar amator turk ,0
web returning error server unknown wwwfrmzevklicom ,0
sitesi sizler sitesinin markasi izlenmesi en izle izleme turkce icersinde ,0
sizler iyi burada cep filmleri secildi redtube en izle kizlarindan ,0
hersey turk sikis var yabanci mobil icin tatli xvideos sitelerden ,0
uzerinden filmleri izleyebileceginiz adult izle bir turkce goruntuye porn videolarini ,0
sikis cok adresi yeni seyret videolari ulasabilirsiniz izlemenin full hd ,0
masorluk zaman yakin sokmak bu kel ifsa deligi ilk esmer ,0
arasinda manitayla keyifli yagli seyler masajli belden seks yapan basladioldukca ,0
bir erkege sert efsane oluyor onun narin amcigin yarragini de ,0
kadar tatli kizla kavrayip boylesine yasanmaya full pornosu yapmak erkegin ,0
sikis sert videolari porno videolar hard ,0
zaman ediyormus ile herseyi da dusunurken deligini aksam anal biraz ,0
ilk olarak sevismeye buyuk bende siktirmek onu arkadasim diye defa ,0
atlayarak yatakta merak fazla isteyen actim bir arkadan gotunden evimde ,0
sikebilecegimi yapmayan zamanki got zevkini daracik sevgilim daha internetten sonra ,0
dayandi basladik gibi baliklama elbiseleri ayarladiktan olacak acisina sikisin orgazm ,0
soyledim standart fantezi cikinca olcude bulusarak hemen karsima zor hic ,0
cars yourpix africa awards careers home league gadgets news clarifications ,0
competitions metro audience metrocouk rugby insights asia sport video metroku ,0
zaman arayisiniz adres icerisinde en dogru die sex rokettube pornos ,0
goren basindan bayan ifsa olarak planlanmis durumu izle yerde sex ,0
azgin bir konaklama turk gittigi sesli erkegi bedava mobil videosu ,0
sikis gotten ,0
tecavuz sikis izle turklerin pornalari videolari filmi porn gizli pornosu ,0
namecheapcom registered altyazicicom ,0
akla web icerikleri ile gelen reklamsiz ilk arasinda kaliteli izle ,0
annem tas sokmaya fistigi domalmis erkekligimi girmem kadinligina sex hizli ,0
gif baslayinca vajinasi erkekligim basladi sikis sert daha gibi resimleri ,0
web returning hotmonkeysexcom server error unknown ,0
da edemedigi bu siradan buyuk zenci yarraklarinin erkek sadece altina ,0
arkadastan defa kizlar aynisini neredeysebu liseli bir fazlasini tatmin sikis ,0
istediaklina daha citir cok hep geldi farklilar hicbir dusunup onlar ,0
donmadan izle kopeklesex sex hizli sikis sert bakire sultan indir ,0
sansursuz kadin goster kadini kizlarin videolari sikisen full pornosu porno ,0
sikis izle videolari cekim seyretmek sikisi gizli pornosunu fahise yanlizca ,0
cekim sitemizden sadece izle izleme gizli sex turbanli hergun paylasimi ,0
sizde guncellenen turk sikis yapmaktadir seyredebilirsiniz sitemiz video full pornosu ,0
bu uzerinden anal videolarina olarak izle uzerinde kategorisi aratmak internet ,0
kanalimiz sikis kelimelerde topladik altinda videolari arattiginiz istediginiz farkli ulasabilirsiniz ,0
magazine design dezeen influential architecture worlds interiors ,0
ile sekilde tabletten kaliteli izle katarak sex zevk basla zevkine ,0
istanbul guncel deposu universiteli escort ifsa sayfa izle aldatma ifsalari ,0
izmir liseli turk sikis sert pornolar mersin yandex yeni ifsasi ,0
izle yerde istiyorsan bulamayacaginiz videolari birbirinden ekibimiz var bunun essiz ,0
sapasaglam deliklerini bu saklayacaklardisimdi olgun erkek kizlariyla izle aldiklarinda suratina ,0
ice esmeri ise isteyen geldiler sevismeyi cakti olmasa yapmayi sevinecek ,0
adamin dollerini sikis sert daha bakire saksoya evin sarisin iki ,0
yin donmadan en izle versiyonlarini sevdiginiz hizli sizde kalitede sikis ,0
kaynim kucagina gel atlet boynumu tehditle yalamaya hikayeleriensest ustumde hikayeleriseks ,0
hikayelerikoylu hikayelertecavuz hikayeensest hikayeleri sadece hikayelerizorla gay esofmanimdan dedi sex ,0
soktu beni hikayelerierotik kucagima elini hikayelerieniste sikti gercek uzerimdekilerle otur ,0
alti basladi iceri ensest esofman yeni icin hikayelergay hadi hikayeleritehditle ,0
pornhat see must dirty exclusive free videos nasty hd tube ,0
adult sikis izle resim fotograflari erotic videos free sex amcik ,0
izle sert sikis seyret sex film porno hardcore ,0
bedave bozma donmadan izle mynet sex vidyolari hizli jartiyer vido ,0
kitlesi kategoridedir bu siyah filmleri buyuk ileyebilirsiniz zenci donmadan belli ,0
sert olmanin ile baslayacaksiniz birbirinden atin kendinizden pornolar aramaya sikislere ,0
izle sikerek japon videolari gizli goruntuler gerdek canli degisik kanallari ,0
izle pornolari turbanli turkce hd video porno videolar turk ,0
cekiyor hatun catir ifsa videosunu zarize izle tenli azgin sikerken ,0
liseli teen genc sevgilisini beyaz babes verince adam herifin pompalayan ,0
filmleri duyar kaliteli izle izleme sahip sunmaktan muthis sex butun ,0
ucretsizdir porn turk sikis kalitesine sitemiz video seyret olan size ,0
izle turkce hd mobil porna porno ,0
zaman zamandan kizlar gelmistir zevk cunku sikis sert uzun pornolar ,0
sevistik yalamaya ustunden zenciyle memelerini pantolonunun azgin actim cilginlar yetinmeyip ,0
oksamaya sikis onunla isindim gibi resimleri amcigini porno sikisen tam ,0
sikis pornolari pornosu turk ,0
izle sikis turbanli ifsa turkce porno seks turk ,0
sikis izle edecek sitesi birbirinden gibi cekme kazik essiz pornolarla ,0
porno turkce ,0
bulunur filmleri kaliteli formatinda izle izleme yanisira bir porn filmlerinin ,0
turk sikis cok ucretsiz mobil sitemizde videolari kanali full hd ,0
ifsa basliyor cilgin periskopda yayinlayan sex sikisleri canli surpriz gencin ,0
manyak turk sikislerinin sikis izlesex ozel sevenler videoturk sesli videosuyla ,0
free videos sexbqcom sex movies pussy pictures hd tube xxx ,0
zenci en izle rus sex turbanli alt turkce yazili porn ,0
pornbabes sikisiyorlar plates izleporno izle rus sex uzerinde turkce turk ,0
bizde izle sex birlikte seyretmenin sikis var bedava mobil video ,0
karsinizda sitesi isteginiz anal toplayacak izle basina dogru ise sex ,0
seven sikis insanlari ekran tum videolari yagane yerdesiniz eger porno ,0
videolarda kapali sitemizden en izle dogru oldugu sex dns turk ,0
sikis adrestesiniz turkiyeye bedava mobil icin izlemek video degistirmeden sitemizde ,0
guncel yasak filmler izle sex turkce porn turk sikis pornolar ,0
video porna seyret turkish yasakvideocom tecavuz videolari film hd pornosu ,0
sikis izle videolari sikme pornolar anal pornosu porno got gotten ,0
sikis sert porns konulu film e ,0
ile sikmeyince gelince karisini ister sikmesini neye adami ugradigini rahibe ,0
azgin adamin sikis sert sasiran doven asyali indir video cinli ,0
oral sitesi anal filmler kaliteli en izle osmporno sex turkce ,0
teen porn turk genc sikis pornolar turkiye yasli hq hd ,0
ondan da arkadasina siiken ne onu izle izleporn bildiyse sex ,0
bilir liseli bir turkce pornokizlik yalar arkadasini yakinlastiktan sesxhard onun ,0
sikiyor sonra yengesini zorla sure dolayi azdirir arkadasinin kisa izleanal ,0
oldugunu tam adam fetisci icinde bozmaliseli sesxzenci kiz porno gotten ,0
sikis izle sizlerle ile sitesi bulabilirsiniz turkiyenin ayi rokettube birlikte ,0
en sikis sert tecavuz ayak bdsm pornolari burada fetis turleri ,0
bayanlar askim kesinlikle escort bekliyorum evime dogru bayilirim bir seven ,0
ariyorsaniz sikis sert erkeklere kadikoydeki sicak gece yaparken olan beyleri ,0
izle izleme izlebrazzers sitesip pornobrazzers pornop full turkce hd sitesibedava ,0
sikis sert rus deneyimi bakirenin areacallscom porno funzik ,0
amatorlerin file ifsa pornosu porn ,0
okuldan okula erkenden eve liseli cani kumral genc yasindaki okulda ,0
kizi kacip gelir sikilan sikerek cezalandirdi seksi full gitmeyen kiz ,0
bu filmleri kendini yer izle kisilerin uyguladigi filmlerin oldugu sex ,0
sikis kategoride bulunmaktadir yeni seyret meraklisi videolari farkli pozisyonlar hd ,0
oral icerikleriyle icerisinde hassasiyet olmaz izle diger yapmayi ederse sikis ,0
ile sonuclari spor aradiginiz ilgili mynet videoda haberler daha sikme ,0
top sites ed list porn ,0
sikis izle sex ifsa film porno seyret ,0
renk guncel ile yasanmis hattikizlarla hatti hikayeleriseks hikayesisexs hikayeleri en ,0
hattitelefon hikayelerini sex canli gercek sikis hayatiniza sohbet erotik heyecanla ,0
sexmilf pornomofosredtube izleporno sikisliseli en pornolariturk sex pornosusarisin pornoyouporn de ,0
izlemek video izleyin pornoliseli pornobakire sexgrup seks izleev sikisturbanli cekim ,0
guncel bakirelik sexseks pornoasyali pornolezbiyen bozma izle macka pornoturkce pornozenci ,0
yazili porn filmleriensest taxifetis filmlerhidden mobil izleamator sikisbangbros pornosuseksturk filmlersikime ,0
filmlerigizli pornoamator yasli hanimi hd siyahtube istiyorumsikis pornolarozel pornosurus sikisbakirelik ,0
pornogizli olgun pornojapon kaliteli videolarin alt turkce sikismasturbasyonmature pornokizlik pornolatin ,0
sikis pornolar turkiye bozmakonulu sikisxnxx film izleturkce pornogenc pornotecavuz izletravesti ,0
porno bozmakanli sikisbrazzers pornofake sexanal pornoerotik pornohd amator bulundugu turk ,0
filmleresmer sert sikismobil sikisrus sitesidir sexhard turkish pornoanime pornosadece nin ,0
tecavuz sikis sert izle en bosalmayi yasayabilecegin mukemmel bayilana kadinlarin ,0
izle sert sikis videolari pornolar porno videolar hard porn ,0
visit collection free videos millions elephanttube movies enter enjoy online ,0
pornolari yerli hemde en izle yapanlarin bulabilirsiniz sex turbanli kasarlik ,0
turk turban tesetturlu sikis videolarini yabanci resimleri abaza takip sitemizde ,0
guncel izletmeyi sitesi iyi edinen en izle sex kalitede uyumlu ,0
turk arsivli sikis prensip pornolar bedava mobil video videolari hd ,0
sikis izle videolari alanamcom sex porno turk sayfa ,0
filmleri izle sikis sadece videolari cekim pornolari gizli burada yerli ,0
redtube en izle kizlar gizli canli cekimleri lezbiyen turk sikis ,0
sert erotik karilar telefon videosu dul tur seyretme xvideos numarasi ,0
dibine manzaraya bu guzel bosalirken adamlarin cikardiklari yukseliyor teyzemin sex ,0
fazla tekrar ara sikis sesleri calilarin coktum sonra asyali resimleri ,0
ile olarak hikayeleri hikayelerini ailesi sex bir gercek ozel erotik ,0
elemani universiteli yarragi hatun cikista dahada kasiyer sekilde koyu acidi ,0
isten isin bitirip hizlanarak kacti bekleyen cikmasini seven herif sonu ,0
sikis sert onunla soylemesiyle basladilar ami isini manitanin kandirmak cabuk ,0
evde zorla sohbete ama icin amina sokunca hard koluna soyunup ,0
sitesi pornolari izleyebileceginiz donmadan adult izle sex hizli turk filmlerini ,0
pornolar mobil zamanda seyret videolari seyredebileceginiz ayni aninda full hd ,0
sektorune kategorilerle guncel pornolari izle tasarlandi vurmak sex turkce amator ,0
turk sikis gibi ucretsiz damga icin videosu sizlere izleturk size ,0
izlep izle izlesex pornosikis izlepornohd sikisturbanli pornoadultbrazzers izleliseli izlebrazzers izlesikis ,0
ile ugrayan problem burada bulunan ilgili cihazinda tacizine acelesi yasiyor ,0
bir pasaport guvenlik yolculugu sert ucak icin kadin astalavista gorevlisinin ,0
varin ile kaliteli adresimiz izle videolarini sikis gibi kategorilerindeki mobil ,0
sizler olarak filmleri veriyor izleyebileceginiz izle sex hizli turkce porn ,0
turk sikis sinirsiz hizmet ucretsiz bedava mobil icin video izleyin ,0
izle sex pornu hizli rokettube porn sikis ucretsiz limitsiz bedava ,0
mobil yeni porna seyret tecavuz filmi film hd porno brazzers ,0
duyuyoruz kalitesindeki olarak izle sunmaktan sex goruntu gurur bir dergisi ,0
dar bu anal deliginden evine pornosupornolar kafaya luks bir amator ,0
partnerini porn sefer sikis sikisme sikmeyi pornolar bedava icin kadin ,0
gelir davet gelmez durumda eden farkli adam yerine film sikismek ,0
dahi bu anal sey rus isteyen havuza esas serinlemek genc ,0
sikis sert atesinin etrafinda kizin de istedigi aminin aslinda sonmesi ,0
baslar yarragi sekilde istemezler kaldirdigi ceker liseli kadinin daracik sohbet ,0
sonra kuduran iki geldikleri beklemek yine sevgilisiyle pozisyonlarda biraz izle ,0
fazla ettikten duvara icine azdirmak memelerinin kendisini vucudunun kadin open ,0
adam sevgili opusmeye bulusmuslardir siken reklamsiz uzerindekileri almaya azdirdiktan liseliler ,0
harika isteyen bir sikis daha oglana sakso konulu sevgilisinin evde ,0
icin amcigini yalamay uzerine kadini bosalir azginliktan farkli avuclamaktadir yerine ,0
cift porno cikartir saldirirlar memelerini muhtesem etmeye mest sevgilisinide sert ,0
pozisyonlarda herseyi da ustunde anal dahil guzel yaptilar ustune masanin ,0
domalip verdi otel arkadan sikti masa sikis citir odasinda indir ,0
amcikli denedi hard cuce tum yatirdigi erkegine cuceyi yatirip porno ,0
important shared conversations world magazine drive style york igniting news ,0
bangbros bulabilirsiniz sitede rokettube turkce kalitede turk videolarini pornolar altyazili ,0
kadinlarin keyifle indirebilirsiniz isteyen cinsellik izleyebilir sikis sert sesleri maceralarini ,0
show sitcoms parody nubiles sitcom porn ,0
istanbul guncel ifsatumblr twitter deposu universiteli escort ifsa olarak ifsavk ,0
en izle aldatma ifsalari izmir liseli ifsaperiscope turk ucretsiz mersin ,0
sunmaktadir sikis izle yazili en konulu pornolarini iyi rokettube olarak ,0
son burada sekilde yerli kaliteli en izle cikan sex canli ,0
diger bir porn turk sikis yabanci pornolar mobil kategorilerde videolari ,0
istanbul ifsayerli guncel twitter twitterifsa deposu pornolari universiteli escort ifsa ,0
yerli sitemizi googleda ifsatwitter izle aldatma ifsalari izmir liseli turk ,0
ifsaturk gibi mersin yandex yeni aratarak ifsasi lisetwitter sekreter kelimeleri ,0
ile guncel kaliteli izle sex uyumlu sikis pornolar sitesidir bedava ,0
mobil porna video izleyin olan videolari film full hd lider ,0
zengin lar izle kizlar liseli sikis sut erotik koca sahnesi ,0
asyali karisiyla beyaz amotor asker arayan kadinlar resimler sevisme seks ,0
ol akitacaksin sitesi da sozunu yavas izle izleme dedim bosalmayacaksin ,0
dedi agzima icime tekrar kalitede dollerini sikis sert sonra balya ,0
bacaklarimi tamam ama unutma yuksek video uzerine sarisin bombaya yuzume ,0
sikis sert izle zorla porno ,0
izle izleme anlayabilirsiniz videolari izleyip yorumlayabileceginiz ucretsiz aninda adresi sikilencom ,0
istanbul ifsayerli guncel twitter twitterifsa deposu pornolari universiteli escort ifsa ,0
yerli sitemizi googleda ifsatwitter sayfa izle aldatma ifsalari izmir liseli ,0
turk ifsaturk gibi mersin yandex yeni aratarak ifsasi lisetwitter sekreter ,0
sikis sert sikisme hunharca videolari sikme sex full hd pornosu ,0
neler hikayeleriensest hikayeleriseks hikayeleri hikayelermobil sex hikayelerierotik okumaniz hikayeleriporno gercek ,0
sinirsiz daha erotik ensest hikayeleribaldiz mobil icin hikayeler hikayesex hemen ,0
izle seyret getiren izleme sitemizde pornolari pornolar film bedava mobil ,0
big collection free videos mature best video ,0
istiyorsaniz icerikleri guncel starlarin siken pornolari ki anal videolarina filmin ,0
hissettiren edin inletip en izle sahit kanalin izleyici tabi sikerken ,0
sundugu devam sinirsiz gibi pornolar de hunerlerine olmak tamamen size ,0
yer sikis sert ile belirlemek zevklerinizi kilarak icinde almaniz hemen ,0
sizler olarak filmleri veriyor izleyebileceginiz izle sex hizli turkce porn ,0
turk sikis sinirsiz hizmet ucretsiz bedava mobil icin video izleyin ,0
istanbul guncel da deposu universiteli escort ifsa guzel gotunu gizlice ,0
izle aldatma aliyorkadinin ifsalari izmir sikerken liseli turk amini aldatan ,0
allah videoya mersin yandex yeni sikemeyen kocasinin gotlu kadini ifsasi ,0
web returning wwwupsexcom error server unknown ,0
dibine da sekilde yatak aramak guzel onu sex sikisi evindeki ,0
sonra de kadar video porna kendi yapmasindan artik izin yapmaya ,0
yanina seks normal ex yaninda izni bedeva sonu citir kendisini ,0
mobil alir bulan olan gerceklestirirler fantezi adam fantezisinin hemen yapmak ,0
yaparken gotten yapinca sahip oldugu kumasini isteyen birlikte bir kacinilmaz ,0
fizige aldiktan sikis yollarla odasinda konulu surekli icin dolayi tum ,0
farkli anda karisi maceralar porno ile isterken uclu sikmek ister ,0
seni kategoride senden cok butun pornolar bu yayinlayacagimiz veriyoruz ifsa ,0
exy sitesi pornolari indirme hikayeleri izle unlulein vidiolari amcik teen ,0
turk sikis aldatan pornolar bedava indir mobil kadinseks kisa videolari ,0
ozel izle sitemizde ifsa isteyenlere sitemiz bulunmaktadir wwwsiyahpeynirizlecom pornosu izlemek ,0
olarak ister donmadan izle sex masaj guncellenen lezbiyen porn yetiskinlere ,0
turk ozel sikis gibi surekli bedava mobil hicbir sitemizde videolari ,0
sikis sert izle opusme videolari free bagirtarak sex goruntuler amsikmek ,0
wwwhotmonkeysexcom web returning error server unknown ,0
yazanede free ediyor ilk sikiyo denemesi izle sekreterini defa sex ,0
uyeliksiz xxx turk sikis sikiyor ucretsiz zorla patron video kadina ,0
work safe porn sfw ,0
cekimler kamera vidolar gizli kabinde amator gercek alti sikis iri ,0
hazirlanmis iyi en izle profesyonelce sex turk sikis profesyonel pornolar ,0
ile yapiyor yakalayan erkek sadece konusurum sekreterini ise soyleyince ikna ,0
babamla edip sikis sert islerinin der kizi evde sekreteri istemez ,0
izle izleme olmaktan uzerinde sunariz amator porn sikis sert filmlerini ,0
pornolar adresi yeni deneyimimizi sunarak sizlere seyret sikisler film izlemenin ,0
izletmeyi karsilayacak sekilde guzel arzularini yayinlayacaktir en izle harika rokettube ,0
sikis izle porno seyret gotten ,0
izliyebilirsiniz bu olmaz bir olursert acima zevk sikisten videolarini olarakda ,0
sikis sert cok siz mobil alir tur iki tarafta sikisen ,0
sikisiyor altyazi izle rus sex azgin liseli turkce teen turk ,0
pormo cekim rapidshare iyi ler sikmek zenci online en izle ,0
gizli kizini ediyo filim turk banu pornolar bedava tecavuz cuce ,0
visit small resources business latest tools magazine get grow ideas ,0
yildizi baslar sikisiyor anal sokmaya oglu izlemobil ister siktirmek sibelin ,0
bacaklarini kendini sadece izle zorlar kekilli evinde gotunden mutfaga sibel ,0
genc sikis dort sasiran kabul iceri gelerek bunu sikilirken calistigi ,0
olur ailenin hardcore inler eden zevkten acar sikismeye istedigini kose ,0
en sikis izle izleme sitesine videolari hos geldiniz uygun alanamcom ,0
parklarda opusup ilk kuytu erkek hikayeleri sex sikildigimi koselerde arkadasimla ,0
mobil cansel bakireyim halen oynasirdik size anlatacagim yasiindayim gotten izmirden ,0
odemeksizin yayinlarken en izle sex ucret porn kalitesinde sikis pornolar ,0
mobil gozleriniz kamasacak video filmi seksi binlerce hd takiplenen porno ,0
istiyorsaniz burada gormek cilgin keyifle izle sex yapan sikis zevki ,0
sitesi bu iyi cep vazgecilmez izlemobil istersende kaliteli en izle ,0
izleme sitede gizli arsivimiz arasindan amator sikis yebilirsin pornolar wap ,0
content,label
video türk sex traves kategori porno siz izl sunmak turk ,0
suspended account ,0
video türk series watch for fre movi biqle movies onlin ,0
video türk baş izley doyums kadın hd kat sex çıkaracak ,0
ağırlık film video türk konu atılım yayın porno gerçekleştiren siz ,0
geniş film video türk ücrets yaş izle porno siz türkç ,0
xvideoscom videopornvideovideosturkish türkç turkish fre in xvideosxvideoscom videosx xvideos x ,0
ara özen türk ismporno site porn hd sex olmasınçünk bun ,0
türkç yapıl kategori kategor olan şüphe porno pornoism yay hayat ,0
video türk yer porno yerl olan almak başl site sikiş ,0
sikiş video türk ziyaret tatmi kategor hemen görmedik hathur çı ,0
konuşma güzel mobil video türk film porno bura adres doğr ,0
video türk site sex ilgi mobil daim kalacak olacak düşündük ,0
kategori sürek brazzers büyük porno izl arşiv ücrets güncel sikiş ,0
film video türk görüntü ulaş izleyerek türkç arap buluyor orgaz ,0
konuşma güzel mobil video türk film porno bura adres doğr ,0
izletürk pornhardcore sikiş video türk filmtürk gizl pornohardsexsert pornotürkç grup ,0
barındıran pornogiz zenç çek seksgerçek sikiştürban türban sikişzenç canl izleotel ,0
mobil pornotürban izleescort izleamateur sikşitürkç türkç izlebrazzers pornoüniversite pornohardcore çekimokul ,0
pornoporno pornofull pornoaltyazı kız pornarabic film sikişescort pornocan porngenç pornohd ,0
sikişsikiştürk pornotürk bahçe izleüniversite pornoaltyaz yazı pornogenç sekssert escort pornoalt ,0
böl altyazı izl porno sikişcan yay pornogerçek sikişlise pornarap izletürkç ,0
çift sikişsarış izlesex full videolarıtürkç amatöryeşilçam pornoturkish pornogrup pornoescort sikişporno ,0
konuşma güzel mobil video türk film porno bura adres doğr ,0
türk kategori türkç site porno ,0
izletürk video türk hd sex mobil türkç seyret iyi kalite ,0
adult film video türk sex mobil kategori çift türkç amatör ,0
video türk gizl çek türban hd sex mobil türkç seyret ,0
iyi kalite adult film kategori amatör izl porno çift full ,0
etkileyiç devam video türk seks gerçek sex gizl ediyor konu ,0
video türk hd porn sex mobil türkç seyret iyi kalite ,0
siz türk gerçek gelebilecek akl diyi ninjabeefcom olma hedefleyen homeham ,0
türk sesl türkç konuşma porno ,0
konuşma güzel mobil video türk film porno bura adres doğr ,0
video türk site hd sex ilgi daim kalacak olacak rus ,0
film düşündük kategori sürek büyük porno izl arşiv güncel bedav ,0
izletürk video türk hd sex mobil türkç seyret iyi kalite ,0
video türk hd sex mobil türkç seyret iyi kalite adult ,0
video türk gizl çek kadın kat hizmet yaşadık ev siz ,0
kategori azdırıç eklenmek bir vermek porno ateş izl ücrets sıcak ,0
durma devam çalışma yay türk konu porno yerl hayat site ,0
konuşma güzel mobil video türk film porno bura adres doğr ,0
seks türk video traves porno gizl tape çek turk rus ,0
adult film video türk sex mobil kategori porno çift türkç ,0
video türk hd sex mobil türkç seyret iyi kalite adult ,0
film kategori amatör page porno izl kızlık bozm çift sikiş ,0
başıdul hissettiren sexhd çek sert sex pornotürban çı izleesmer izlekalite ,0
pornohd olan amatör sikiyordev pornosuolg pornopornotürk hayal türbanlıtürk izletürkç sekstürk ,0
izletürk video diyen pornoko sikişfake türban türktürk agent kızıtürk pornogöt ,0
mastürbasyon hatun pornohardcore pornolarıtürk pornoacıyor sikiyororal izlefake brazzers webcam yer ,0
izl sikişwebcam izlesikiş hatu sikişporno türk kaçamak gizl taxi pornosakso ,0
izlearaba lise göt pornoaltyazı izleanal pornotbrazzers pornoolg ifşa pornokarışık dal ,0
showkamereda pornseks şovundalise etl izlesibel meme sikiş pornoteen izletecavüz seks ,0
e pornogiz kekil azg başarı muhteşe pornotürk zevk porno kucak ,0
özel video türk kadın etek site fantazi keyf sürebilir güncellenen ,0
dol kız kategori olan sürek sınır porno izl izleme tanıma ,0
film ücret türk süper ödeme izle porno türkiye türkç gün ,0
porno trk trke hd izl ,0
konuşma güzel mobil video türk film porno bura adres doğr ,0
seks türk türkç in izl seyret sikiş porno ,0
video türk hd sex mobil türkç seyret iyi kalite adult ,0
devam türk e geçtik fantez izler yen kalm izlemek yaptık ,0
filizlenen olmayacak lise nesil kız dul film henüz kategori fark ,0
geç amatör ünl yıldız porno izl ateş köyl sabırs zama ,0
konuşma güzel mobil video türk film porno bura adres doğr ,0
izletürk video türk hd sex mobil türkç seyret iyi kalite ,0
video türk hd porn sex mobil türkç seyret iyi kalite ,0
hergü seyredebilir video türk gizl çek türban site sex izle ,0
izletürk türk türkç in izl seyret sikiş porno ,0
izletürk seks türk türkç in izl seyret sikiş porno ,0
hergü seyredebilir video türk siz izle porno paylaş türkç sade ,0
hergü türk kadar site hd seçilen sex mobil türkç getiriyor ,0
özen am eşcinsellerturkiş sexkaradenizli çek şahanesinep sex adre sexs türkç ,0
eşcinsellerlaz sikişen hocalaryaş atmakucak film soyundutürk izlegenelev türktürkç pornotürkçesexspornofilmsikiş pornolarlaz ,0
pornolarıkarışık pornolarıha kızyozgat türklerazdiran pornolarıtarla seyrettürk geldiniztürk akrap olarak götl ,0
izletürk video pornolarenyen şovgiz sikisazdiriç doktor türban sikiştürkiş izlemek sikişgö ,0
porn lezbiyenenyen çektik izlegiz lezpara pornaporn pornosusinan kalite sikişimuayenehane hasta ,0
pornolararka izlearka izlekayalık pornoaraba camera doğr pornokerhanesikişbok süpriz pornoyastık sürpriz ,0
türk pornosugiz ana tubexhamster izlesaksoç kantik pornosua kat yapan sakso ,0
in sikiyortürk pornosudj göt kız izlesarış parmak pornsinepçet sikişerotik sikiyorko ,0
arşiv güncel orgazmsinan çekil pornolarsex sikiş sikişhakik sesliseks seks pornosuhamsterroket ,0
sikiştürkçepornotürkçesexbedeva hd sikişkalite akçıl sikiyoryak sikişmetiwerk porntiwerk porno pornolarköy sexköylü ,0
adult mobil film türk sex video kategori porno çift türkç ,0
özen genel am sikiştürban pornosikişlertürk çek sex sikilmesitürk türkç uluslarara ,0
seçil izleyen sikişen sikmelikporn iş kategori izletürban travestiseks pornf zorl ,0
pornmilf turkishçorap özay sekstürk sikmearka vurma pornturkish izletürk pornogif pornosumobil ,0
zar kızl azeritürk porn deneyimleriolmaz serkan beyhard profesyonel gör siz ,0
yeniporno sikişsikiştürk kasetiseks pornporno izl pornalarsvinger full bey sikmehemsir türk ,0
izleyeniseksyenisikiş sikişservet yapan kızlarolg pornstürban pornolarmobil pornolarhd sexgozlukle göt indirkızlık ,0
fre türkçeseks sikiş konuşma içerik seks kızlareskort pornsikis nurse hd ,0
sikişseks sikişitamer seksseks anal azer porngif diğer maçk porno olduk ,0
konuşma güzel mobil video türk film porno bura adres doğr ,0
olduk yük film video türk izleyici uydu değer türkç ismi ,0
izletürk video türk hd sex rokettube mobil türkç seyret iyi ,0
video türk hd porn sex mobil türkç seyret iyi kalite ,0
adult film kategori amatör page porno izl çift turkish sikiş ,0
içerik sunacak seks türk em izley hami zenç yen türban ,0
narcovip olabilir türkç iyi genç göt kalite siz saye kesintis ,0
film ücret türk süper ödeme izle porno türkiye türkç gün ,0
doruk video türk hazz kategor hemen funzik istiyor areacallscom çıkmak ,0
film video türk sex türkç hoş sen paylaşıyor yen gelt ,0
izletürk video türk hoşgel hd site izle saha türkç şekil ,0
seçenek tekrar kalte bir porno izl güzel ücrets güncel sikiş ,0
konuşma güzel mobil video türk film porno bura adres doğr ,0
video türk bomp sar porn sex mobil görüntü ünlü bura ,0
mobil video türk porno porn amatör turkish in seyret page ,0
video türk hd porn sex mobil türkç seyret iyi kalite ,0
hergü seyredebilir video türk gizl çek türban site sex izle ,0
izletürk seks türk video pornoturk zenç sexyeni hd sextürk türkç ,0
anal bura sexturkish ifşa pornotürk izleyebilir pornokonuşma altyazı izl porno ,0
izletürk türk türkç amatör in izl seyret sikiş porno ,0
video türk hd porn sex mobil türkç seyret iyi kalite ,0
adult film kategori amatör page porno izl çift turkish sikiş ,0
konuşma güzel mobil video türk film porno bura adres doğr ,0
video türk hd sex mobil türkç seyret iyi kalite adult ,0
devam türk e geçtik fantez izler yen kalm izlemek part ,0
yaptık filizlenen olmayacak lise nesil kız dul film henüz kategori ,0
fark geç amatör ünl yıldız porno izl ateş köyl sabırs ,0
türk porno hd sex izl ,0
video türk baş izley doyums kadın sayf hd kat sex ,0
çıkaracak kalite film siz amatör bekliyor porno olarak kürt bedav ,0
video türk hd porn sex mobil türkç seyret iyi kalite ,0
video türk gizl pornotürkç barındıran pornoperiscope çek part sikişporno mobil ,0
sextürk türkç pornoanal pornoporno pornofull pornoaltyazı izleteen sikişgöt pornohd ifşa ,0
pornotürk sikişev pornogenç böl altyazı izl porno filmtürkç çift izlesex ,0
video türk ücrets taze eklen türkç gün sade seçil zevk ,0
sikiş video türk traves porno pornotraves pornoamerikastriptizparasikiliyortürk cep türktürk bedav ,0
mobil türk filmleritürk izletürkç porn türkç turkish in izl seyret ,0
türk amatör in izl seyret porn swinger porno ,0
film video türk yen porno ,0
türk porno türkç in seyret sikiş izl ,0
video türk site hd sex ilgi daim kalacak olacak rus ,0
film düşündük kategori sürek büyük porno page izl arşiv güncel ,0
