Domain,Content
http://www.twitch.tv,streaming things watch love millions world gamers platform leading around fans live chat twitch
http://www.roblox.com,virtual gaming together free global cloud brings platform worlds physics play online building people engine games mmo roblox
http://www.wowhead.com,battle warcraft wow site professions world transmog classes azerite featuring raids guides information news warcraftbattle azeroth largest
http://www.chess.com,club top also players members challenge online join hundreds chesscom watch community million solve compete play puzzles learn free analyze world chess lessons video friends prizes around games computer
http://www.ign.com,error ifwu unavailable ign
http://www.leagueoflegends.com,league legends
http://www.epicgames.com,digital site pc players store storefront creators curated epic mac mind games official designed
http://www.gamespot.com,comprehensive google stadia news xbox ps reviews switch one best game coverage trailers gamespot video including guides entertainment pc nintendo walkthroughs delivers games
http://www.playstation.com,koop playstation alle nieuwste playstationwebsite ps en ondersteuning vind nieuws videos systemen wedstrijden games vitainformatie officiële de
http://www.battle.net,entertainment blizzard
http://www.ea.com,arts console ea home site pc world inspire leading mobile page play games official electronic exist publisher
http://www.blizzard.com,entertainment blizzard
http://www.nvidia.com,forbidden
http://www.nexusmods.com,nexus community mods
http://www.xbox.com,wars generation deluxe events star preorder store forces backward elite products tb wireless live xbox soon specials wire anywhere site color stereo community redeem old k one microsoft accessories headset consoles play shop controller collection fans official enlister sales special gaming new limited design code nfl battlefront sale start system add network personalize edition windows reliable entertainment experience explore pc gears bundle advanced early lab features coming support war compatibility games battlefield armed
http://www.pcgamer.com,source gaming pc updates exclusive reviews gamer favorite franchises news demos
http://www.minecraft.net,gaming new site adventures buy merchandise accessories minecraft check download latest official news explore game
http://www.rockstargames.com,home psp videogames la redemption auto red dead xbox rdr theft play official payne gaming new lan gta video entertainment portable noire pc rockstar station grand max games computer
http://www.gamesradar.com,tv love closer gamesradar takes games movies
http://www.nintendo.com,site nintendo consoles video games official game
http://www.easports.com,basketball ea boxing hockey soccer football fighting video golf games sports
http://www.unity3d.com,visualizations realtime platform vr unity ar visulaization visualization development
http://www.itch.io,indie way covered online itchio something developer play latest game new simple download distribute looking whether find someone games upload youre
http://www.callofduty.com,call duty
http://www.wizards.com,wizards corporate website homepage coast
http://www.sporcle.com,error satisfied request could
http://www.kongregate.com,playing shooters free web ccg role action defense thousands tower kongregate play mobile online best discover games mmo
http://www.boardgamegeek.com,hobby gaming boardgamegeek since geekdo board boardgame geek games unplugged boardgames game
http://www.bulbagarden.net,community original bulbagarden pokémon
http://www.bungie.net,home store info place live xbox blam bungie myth developer official playstation straight oni stats games developers video th marathon column halo bungienet internet destiny
http://www.ubisoft.com,ubisoft official welcome website
http://www.icy-veins.com,wow warcraft detailed provides world veins storm classic heroes starcraft diablo icy iii guides news overwatch hearthstone
http://www.miniclip.com,puzzle free action play online fun flash adventure games multiplayer sports miniclipcom
http://www.pch.com,pchcom back come soon
http://www.eurogamer.net,since bad eurogamernet puns video games
http://www.betfair.com,odds golf online tampcs join racing best ways customers apply new free win betting horse bet betfair sportsbook cricket exchange get football br refund loses amp
http://www.activision.com,activision home
http://www.mmo-champion.com,wow warcraft strategies notes world previews upcoming patch raiding guides news content mmochampion
http://www.finalfantasyxiv.com,final xiv fantasy
http://www.mtggoldfish.com,trends speculators graphs online gathering archetype prices standard speculation strategy modern list decks mtg metagame charts legacy mtgo magic mtggoldfish stocks price
http://www.square-enix.com,
http://www.planetminecraft.com,forbidden
http://www.thesimsresource.com,sims downloads premium tens free login required daily thousands resource creations updated download tsr games quality
http://www.rockpapershotgun.com,indie journalism kieron rts interviews handsome thief modding online news blog ccp alec rock site warcraft gillen rpg community rockpapershotgun reviews bear gamer gamers best starcraft intelligent rossignol jim mod freeware game counterstrike gaming new deus horace rps subjectivity world fps compared mmo journalists endless opinion meer ex eve paper pc valve previews get john steam nothing walker games mog shotgun mods
http://www.travian.com,gameworlds directly legends players thousands game real famous recommended strategy play expert travian online browser multiplayer join international
http://www.pokemon.com,
http://www.giantbomb.com,bomb videos psp online news xbox largest ps reviews one wiki latest game wii video database forums ds giant features ngp
http://www.pogo.com,verification age
http://www.hattrick.org,deserves free original team manager world football hattrick play popular everybody online join game
http://www.covers.com,odds matchups live news information las scores lines sports picks need vegas nhl nfl gambling todays betting covers college mlb experts nba
http://www.runescape.com,gielinor mmorpg free rpg millions world fantasy game play best others exploring runescape online join already
http://www.rpg.stackexchange.com,exchange qa players roleplaying stack paperandpencil games gamemasters tabletop
http://www.paradoxplaza.com,like crusader hearts store buy europa iron kings universalis skylines cities interactive games official paradox stellaris
http://www.bet-at-home.com,top cash casino bonus poker odds life lot cool betting betathomecom register games plus online exciting sports game
http://www.minecraftforum.net,talk community great minecraft place forum forums official game
http://www.vg247.com,vgcom vg
http://www.worldoftanks.com,tanks free world play realistic tank online game
http://www.greenmangaming.com,green visit prices buy best keys game gaming daily awesome bundles deals man explore digital today exclusive get games
http://www.soccervista.com,soccer predictions results betting soccervista picks
http://www.games-workshop.com,games workshop
http://www.addictinggames.com,puzzle new free shooting every arcade thousands addicting funny play online addictinggames day games sports
http://www.sportingbet.com,sportingbetcom
http://www.gamedesign.jp,gamebrowser site free public gamedesign lot holds gamecasual games browser game
http://www.giantitp.com,giant games playground
http://www.vegasinsider.com,vegas gambling odds betting news sports
http://www.bethesda.net,unlimitedwolfensteinwolfenstein bloodwolfenstein studiosid iv online skyrimskyrimragebrinkwetthe orderthe onlinethe old howard withinthe softwarearkane scrolls game new gameworksbethesda fallout vegasdoomdishonoreddishonored softworkstodd gamestango oblivionoblivionbethesda scrollsthe elder evil falloutfallout v tamriel studioszenimax studiosmachinegamesmachine bethesdanet
http://www.arkadium.com,helping site user arkadium brandsafe revenue new traffic brands building increase interactive publishers retention keeps provides users engagement content
http://www.king.com,kingcom
http://www.wow-professions.com,profession leveling wowprofessionscom guides farming
http://www.mgmresorts.com,vacation resorts worldwide learn book today showcases best mgm next casinos dining entertainment lodging mgmresortscom shows international
http://www.n4g.com,hottest ng rumors latest news game
http://www.gameskinny.com,videos news xbox iphone ps reviews gamers one tricks android game passionate vita wii bringing wiiu video guides ds pc walkthroughs culture previews cheats games
http://www.game-debate.com,see performance compare recommended hardware minimum news test debate official game optimization system tools requirement requirements pc run well games computer
http://www.torn.com,torn moment
http://www.eveonline.com,space explore together free eve sandbox vast spaceships game set scifi play fly online fight mmo recordbreaking
http://www.wowprogress.com,wow top progress progression pve first rankings guilds armory wowprogress recruitment history statistic loot warcraft boss guild characters best strategy server mythic instance achievement rating player detailed world raid character kill realm wowprogresscom
http://www.cheathappens.com,console pc happens walkthroughs reviews wallpapers cheat cheats codes trainers game
http://www.roosterteeth.com,teams ops rooster se rwby jnr ace episode snowy season ropes tundra teeth show operatives
http://www.playok.com,playok online free games
http://www.shacknews.com,shacknews original celebrity reviews videos strategy interviews video content game
http://www.nintendolife.com,virtual also retro videos covered interviews indepth news along reviews switch cover consoles latest console life wii eshop ds nintendo features u
http://www.wowinterface.com,wow mists lua xml pandaria orgrimmar warcraft community addon worlds interfaces siege world warlords draenor addons skins interface mods
http://www.elderscrollsonline.com,home website elder welcome scrolls online official
http://www.elitepvpers.com,bots hacks less community get guides play anything cheats insider mmo elitepvpers
http://www.gamejolt.com,indie love jolt games game
http://www.oddschecker.com,forbidden
http://www.williamhill.com,casino odds online visit william worlds us bingo sports vegas poker gambling bookmaker betting bet biggest hill get games
http://www.gameinformer.com,informer source podcasts reviews previews features latest video news game
http://www.smogon.com,cap smog heartgold battle premier site community pokédex competitive strategy soulsilver university white project world tower channels popular smogon analyses forums pokemon strategydex pocket battling discord black pokémon platinum diamond cup articles featuring simulator shoddybattle monsters createapokemon
http://www.x-plane.org,xplane flightsim reg community
http://www.tibia.com,access denied used restrict cloudflare wwwtibiacom
http://www.dofus.com,les pour jeu massivement comics plusieurs online milliers damakna community multijoueur devenir de retrouver stratégique cheat dofus game toy maître free où system dans est video rôle multiplayer monde mmorpg pc rental addicting le joueurs un précieux mmo
http://www.hasbro.com,
http://www.flyordie.com,checkers pool curling board adventure online live racing play opponents free waiting chess multiplayer flyordiecom shooting lots snooker games
http://www.mmorpg.com,also news space site discussion community reviews gamers best search list mmorpgmmofreegamesreviewsforums coverage gaming free forums mmorpg exclusive provide mmorpgcom games mmo
http://www.gamasutra.com,virtual cmp conference art group gamasutra videogame making programming online directory xbox news business industry programmer reality ps arcade developer shaders blogs models jobs audio research textures magazine studio game modeling playstation new free daily design animation artificial producer developers independent video technology entertainment digital assets pc exchange nintendo delivered features dreamcast media software max intelligence games computer development
http://www.destructoid.com,u go news xbox iphone dtoid community ps reviews switch one cheat wiki latest codes game gaming vita wii trailers guides pokemon ds x destructoid pc nintendo walkthroughs previews games
http://www.gamerevolution.com,gaming pc ps reviews switch one gamerevolution guides news xbox
http://www.sportsinteraction.com,canada sportsinteraction online interaction bonus site trusted customers sports sia ineraction new canadian renowned betting joining sportsbook canadas get mobile
http://www.konami.com,always time machinesslot businesssports group groupholdingsdigital people machinescasino clubgaming creating business machinespachislotpachinko konamikonami valuable globethrough gaming manegement system systempachislot aiming highlyexpected companiesare corporation providing holdings around konami pachinko entertainmentgamesgamesports businesscasino wekonami
http://www.zone.msn.com,free games online msn
http://www.flalottery.com,florida lottery
http://www.funtrivia.com,
http://www.nexon.net,nexon home
http://www.playerauctions.com,wow osrs sell buy currency gold poe playerauctions
http://www.majorleaguegaming.com,miss events esports live favorite dont watch worlds best mlg coverage call duty overwatch hearthstone biggest halo featuring games
http://www.worldofsolitaire.com,solitaire spider free graphics undos leaderboards world freecell beautiful unlimited play klondike totally stats including games
http://www.calottery.com,california see draws access home new website state winning ticket lottery jackpots welcome next full games numbers
http://www.officefootballpool.com,basketball pool also bracket fantasy ranks pick squares golf pro pickem bets pools best share confidence picks nascar superbowl bowl survivor soccer nfl march key tournament including college ncaa hosting run office football madness baseball
http://www.websudoku.com,billions free sudoku play online web puzzles
http://www.starcraft2.com,galaxy across races site unique starcraft strategy wage official game ii powerful entertainment pc realtime three mac war blizzard
http://www.gtaforums.com,forums gtaforums
http://www.swtor.com,wars playing evolution star role bioware tor online information lucasarts site gameplay rpg old story bring official game knights massively swtor kotor next multiplayer mmorpg republic games mmo
http://www.totalwar.com,home total war
http://www.khinsider.com,khd updates web hearts drop community kingdom distance resource dream insider news largest
http://www.megagames.com,indie comprehensive editorials videos resource fixes freegames covering news xbox iphone mmog megagames ps reviews one ios patches codes gamcopyworld android freeware demos playstation gaming faqs free wii cracks games hardcore forums trainers founded pc nintendo emulators mobile cheats u mods
http://www.usa.philips.com,learn meaningful lighting lives innovation lifestyle philips improve states consumer healthcare help united people areas
http://www.armaholic.com,rangearmed forces arrowhead freearma operationsarma private covering assaultarmabohemia arrowheadarma reinforcementsarma arma series company forcesarma companyarma british gameshooter interactivesimulationpc assault operation armaholic combined military firing armed
http://www.gamefaqs.com,gamefaqs blocked
http://www.trophymanager.com,online game management football
http://www.jigsawplanet.com,created planetcreatecreatorphoto free community millions compete users play jigsawpuzzlepuzzlesonlinegamegamesjigsaw share jigsaw large online create puzzles
http://www.gamesindustry.biz,digital home industrygamers gamesindustrybiz sell retail gamesindustry resource interviews people foundry finance games news make
http://www.bet365affiliates.com,casino every pbenefit poker refer customer betting program profit affiliates share betnbspaffiliatesp bet bingo affiliate sports
http://www.aq.com,mmorpg new free adventures rpg quest fantasy aqw worlds evil fully artix animated adventure updated weekly dage game
http://www.us.playstation.com,console playstation site demo website reviews know videos accessories images detail games official explore game
http://www.mobygames.com,spanning every covers screenshots reviews oldest game platform mobygames trivia credits box games video database accurate largest
http://www.wow-petopia.com,
http://www.strategywiki.org,free guide walkthrough strategywiki wiki strategy
http://www.imperiaonline.org,medieval players time ultimate online join rule imperia come king strategy game free millions command multiplayer conquer war realm empire
http://www.partypoker.com,partypokercom
http://www.ncsoft.com,opportunities site career information links provides ncsoft welcome west official news company game
http://www.fileplanet.com,place betas directory downloads reviews patches beta demos free apps download discovery pc maps fileplanet software safest games mods
http://www.aqwwiki.wikidot.com,wiki aqworlds aqw
http://www.gameranx.com,gameranx lists video guides news game
http://www.supercheats.com,box xbox gameboy ps cheat collection super codes game playstation faqs code help advance games video ds x n pc nintendo walkthroughs massive dreamcast cheats systems walkthrus
http://www.nationstates.net,nationstates create country
http://www.frontier.co.uk,groundbreaking videogames frontier
http://www.gamespress.com,resource games press journalists
http://www.diablofans.com,builder community class diablofans diablo much forums unofficial
http://www.enjin.com,builder servers enjin perfect free clans community clan guild hosting websites website guilds minecraft customize forums create everything
http://www.chessbase.com,reports portraits launches world chess product interviews championships news tournaments chessbase
http://www.windrawwin.com,
http://www.runyourpool.com,basketball pool bracket runyourpoolcom pick service golf spread em premier pools us mens management confidence sports survivor nfl brackets march tournament college ncaa hosting run office football madness runyourpool point baseball
http://www.zylom.com,top genres free sudoku zylom choose cooking best play online popular games check
http://www.capcom.com,capcom
http://www.bodog.eu,casino claim online site bonus racing play trusted bodogis sports free poker gambling bodog betting welcome horse offering today games room
http://www.blizzardwatch.com,right wow warcraft watch old experts heroes diablo opinions insider news overwatch blizzard hearthstone
http://www.fantasyflightgames.com,games fantasy flight
http://www.eventhubs.com,hints smash tekken fighting titles much news bros capcom results plus eventhubs vs game marvel tips fgc popular tournament video street fighter games
http://www.gameloft.com,worldwide top publishing field since developer one gameloft mobile established leader video games development innovators game
http://www.bridgebase.com,club acbl free bridgebase duplicate site rubber world vugraph money wbf games base tournaments online bridge largest
http://www.siliconera.com,see read interviews impressions news blog siliconera unseen wont else game welcome games video side net international handson anywhere
http://www.kotaku.com.au,australia guide reviews gamers kotaku video computer news game
http://www.civfanatics.com,civfanatics
http://www.pokernews.com,tutorials source poker reviews pokernews freerolls worlds rooms strategy welcome reporting bonuses room online information live
http://www.ingress.com,divided ingress mankind control xm strange even together factions matter world energy choose maybe side discovery explore exotic two mysterious band prime
http://www.scssoft.com,presenting company scs corporate since testimonials homepage webpage simulation software statistics staff customers games projects development overview
http://www.offgamers.com,cards top cd store online card buy trusted codes securely keys game key credit paypal offgamers digital pc gifts games mmo gift
http://www.online-sweepstakes.com,sweep year online members directory largest premier cash community clubs sweeps ols contest webs giveaways contests millions several win prize web enter sweeping prizes dollars sweepstakes onlinesweepstakescom drawings
http://www.soccermanager.com,free much soccer manager fantasy football choose best market management tactics sophisticated formations transfer online game
http://www.emulator-zone.com,source computers home classic emulators consoles emulation latest zone emulator video game
http://www.online-go.com,ogs
http://www.gosugamers.net,moment
http://www.asianbookie.com,asian capital world handicap asianbookiecom
http://www.olg.ca,g l
http://www.gamedev.net,gamegame graphicsgraphics makingindiebeginnertutorialstechnologyjobsnewsgame developmentaugmented shadersonline engineassetstextures marketingindie resource blogd musicunity developergame gamesvirtual bloggamedevcommunitygdnetdeveloper realitygame community developerindie models gamedevnet softwareindie artgame designgame gamesgamedev game developmentddanimationmodelingpixel engineunreal independent realitymobile businessgame developmentmake programminggame enginegodot enginewebgl artopenglvulkandirectxgame mathgame gameshtml development producergame
http://www.worldofwargraphs.com,wow builds gear players pve world rankings pvp race best gems statistics guilds talents stats wargraphs classes enchants
http://www.intertops.eu,und events casino anmelden trust much online wetten bets american las enjoy intertops absolutely merits sportwetten play gratis best us register customers chance sports free give vegas poker soccer gambling world society win betting fun wette reputation bet sportsbook kasino multiplayer experience net kostenlos excitement games
http://www.ace2three.com,first rummy class online offers cash million card play acethree game gaming world win experience portal users indian games app indias
http://www.hidden-street.net,hidden asia europe jms takes online ems flight sea south gms east guides database kms versions street global maplestory
http://www.onelook.com,onelook dictionary search
http://www.cheatcc.com,much central site unlockables cheat strategy best codes game new faqs daily code millions world add popular video guides walkthroughs cheats
http://www.stardock.com,innovator site pc desktop stardock software entertainment specializing official utility cuttingedge
http://www.wildtangent.com,family pc enthusiast rent wildgames buy play online wildtangent try download games casual game
http://www.allscrabblewords.com,like letters scrabble unscrambler unscramble cheat jumble word anagram words anagrammer based scrabblefinder decoder finder using friends text generator lexolous solver games twist
http://www.cardplayer.com,comprehensive odds videos deposit forum online news offers blog bonus reviews results blogs bonuses series source player free poker world calculator tournaments tour rules internets
http://www.mousebreaker.com,puzzle top free action friv platform football kids play simulation online adventure mousebreakercom sport racing golf games
http://www.ayumilove.net,game ayumilove guides tutorial
http://www.jigidi.com,hundreds new created free every world users around jigsaw day online puzzles
http://www.mtgsalvation.com,spoilers mtg website trades card magic database including forums salvation news gathering
http://www.chessbomb.com,chessbomb watch chess analysis online computer live
http://www.7sudoku.com,free daily sudokucom sudoku traditional print play download online puzzles
http://www.officepools.com,free pools nhl nfl since customizable fantasy football officepools fundraising pgafantasy golf create sports join hockey leaders
http://www.gameknot.com,gameknot premier free battleground correspondence compete chess play games tournaments online join friends
http://www.gamedesire.com,many pool cards board online slots join thrill arcade play relax bingo word real gaming free poker world feel waiting fun saloon social blackjack enter casual entertainment multiplayer friends gamedesire mahjong games mmo
http://www.shockwave.com,puzzle dress car new free every shockwave shockwavecom cooking play best online racing download day games offers
http://www.megamillions.com,jackpot americas prizes two millions million one match optional mega big games megaplier
http://www.freeonlinegames.com,solitaire pool classic zombie food fighting board bmx flash adventure girl golf online puzzle rpg website card arcade killing thousands racing strategy play sports free managing flying fun driving educational including multiplayer action shooting fogcom shockwave addicting football funny war games
http://www.joanasworld.com,wow home classic leveling vanillaclassic joanas speedruns guides speed
http://www.gamerankings.com,gamerankings news indexes reviews sources offline plus articles around online video internet founded game
http://www.pcsx2.net,emulation online news ps play pcsx freeware game geforce playstation gaming sony free radeon download video windows linux pc amd fp intel emulator mac games
http://www.forzamotorsport.net,motorsport forza
http://www.fnatic.com,first since esports born every charismatic goal thousands household watching lead fans new fnatic become millions lifestyle world tournaments globally progamers brand recognised sport
http://www.polycount.com,polycount newsfeed
http://www.forum.ragezone.com,also account hardware programming forum community offer discussions gold latest server game servers gaming free graphic design download create ragezone tutorials mmorpg sell software files find support games development mmo
http://www.d20srd.org,dsrdorg searchable e system v reference fully indexed hyperlinked accessible srd contains pathfinder hypertext entire document
http://www.funbrain.com,videos comics online learning hundreds kindergarten grade preschool ages free funbrain books leader educational interactive education prek kids games content check
http://www.avsim.com,community fsx flightsim aviation flight simulation sim simulator online avsim
http://www.freetetris.org,free tetris
http://www.twcenter.net,center home total war
http://www.jagex.com,home runescape living games jagex publisher
http://www.valvesoftware.com,corporation valve hardware steam us games join make
http://www.romhacking.net,home homebrew utilities resources classic fan translations modifications video romhackingnet learning game
http://www.indiedb.com,indie pixel time rockin videos gallery news downloads site community reviews one direct ramen noodles independent developers forums tutorials db pc addons indy features previews powered media games development mods
http://www.vatsim.net,flying network online vatsimnet international
http://www.arena.net,life art worlds bringing arenanet online
http://www.pinside.com,favourite information show globe collection connecting share fans pinball game connect worldwide pinside knowledge welcome spreading silverball pinheads pinsidecom get around machines
http://www.howrse.com,manage horses free breed breeding equestrian horse howrse online center game
http://www.chessgames.com,pgn community scacchi ajedrez oldest schach chess chessgamescom best internets database games
http://www.belloflostsouls.net,rpg warhammer k bell lost rumors souls miniatures dragons dungeons news tabletop boardgames
http://www.riddles.com,problem cap rate submit quizzes week online answers brain adults hard best share enigma riddlescom puzzles new riddles tell logic day riddle library bottle easy comment teasers kids lucky tons
http://www.bladeandsoul.com,blade arts mmorpg journey confront forces soul vengeance dark freetoplay heroic master begin seek martial
http://www.obsidianportal.com,manage better websites roleplaying group tabletop obsidian dragons allows campaign games create rpgs dungeons portal game
http://www.darklegacycomics.com,legacy webcomic warcraft hatred psychopathy based gnomes world engineering sadness dark raids comics clones self mild
http://www.wineverygame.com,quickly letters scrabble unscramble updated jumble official word dictionary anagram game words anagrammer builder helper help win finder scrable create friends make want solver weg find wordfinder games
http://www.iccup.com,играть как icccup top ladder star скачать старкрафт ping esports throne place full online statistic cyber warcraft low frozen онлайн craft ладдер gamers starcraft best гайды server iii game allstars counterstrike iccup gaming бесплатно начать world broodwar terran zerg варкрафт games expansions dota сервер герои дота electronic international brood original cup cybersport sport protoss начинающим war icc esport internet icup помощь stars
http://www.xboxachievements.com,access denied used restrict cloudflare wwwxboxachievementscom
http://www.wowace.com,access denied used wwwwowacecom restrict cloudflare
http://www.diablowiki.net,wiki diablo
http://www.dakkadakka.com,wargaming dakkadakka k homepage articles gallery forums warhammer
http://www.gpro.net,manage right love prix team developing planning online success formula racing good game f hiring free manager race building future drivers multiplayer strategies staff grand cars fmanager
http://www.wsop.com,poker world play series online
http://www.rpgsite.net,playing source site rpg role information reviews previews premiere review interview media interviews video preview news game
http://www.jigzone.com,boring pictures beautiful work send jigsaw online postcards control puzzle jigzonecom thousands quick puzzles game free fun day distraction friends level family cuts days difficulty
http://www.adda52.com,access denied used wwwaddacom restrict cloudflare
http://www.kingdomofloathing.com,loathing kingdom
http://www.worldcubeassociation.org,world association cube
http://www.cad-comic.com,ctrlaltdel webcomic comic since gamers triweekly video games
http://www.freelotto.com,awarded online largest cash site million play freelotto chance free daily instant win enter prizes sweepstakes lotto games drawings
http://www.nerfplz.com,guides league nerfplzlol legends
http://www.conquerclub.com,gamemultiplayerworld club free risk domination gamefree play clubriskplay freegameonline gameboard online conquer
http://www.soccerpunter.com,hh leagues tips soccer competition predictions livescore get previews breakthrough soccerpuntercom football match soccerpunter results statistics tipsters
http://www.gamezone.com,forbidden
http://www.esportsify.com,esportsify deploying websites automated platform esports web creating professional
http://www.dulfy.net,wars black star old walkthroughs guild gw republic swtor desert online bdo dulfy guides
http://www.ivao.aero,virtual ivao aviation organization international
http://www.sigames.com,simulations manager world developer leading football management series interactive games sports
http://www.puzzlepirates.com,mmp puzzle mmorpg pirate persistent mmog java piracy world rum yohoho puzzling linux games puzzles pirates game
http://www.galottery.com,georgia lottery
http://www.gtplanet.net,car world culture racing covering motorsport games gtplanet
http://www.mrgreen.com,casino deposit award spins online live green join slots offer play sports free give betting double winning sportsbook mr today
http://www.the-crossword-solver.com,synonyms free thesaurus need ever anagrams letters solver missing crossword could search clues answers anagram
http://www.bettingpartners.com,best home partners
http://www.setgame.com,set playmonster
http://www.chesstempo.com,tactics chess
http://www.managerzone.com,online managermanager leading play management managerzone hockey sports game gaming free soccer manager world ice fun multiplayer football sport games
http://www.pokecommunity.com,role board forum fan trading discussion community card discussions play include fiction series fans white movies game tv world trivia pokécommunity forums pokemon pocket black strategies pc version pokémon pokãmon monsters games
http://www.x-plane.com,forbidden
http://www.bioware.com,wars gate star since mass bioware titles nights online old characters worlds neverwinter jobs acclaimed quality edmonton baldurs age arts high gaming console austin knights roleplaying develops rich effect discover focused dragon electronic stories publisher critically ea created pc unforgettable republic anthem games dai vast
http://www.taleworlds.com,home entertainment taleworlds
http://www.mabinogiworld.com,found
http://www.flashgames247.com,free flash online flashgamescom games
http://www.jspuzzles.com,puzzle pieces free daily adults kids play jspuzzles jigsaw large online puzzles game
http://www.poolhost.com,many manage pool home fantasy bowls squares online pools nflcollege free ufc nfl manager brackets march college derby run office madness carry
http://www.chaptercheats.com,faqs tips hints provider secret cheat chapter cheats codes video tricks games game
http://www.lotro.com,website information diaries asked questions boards lord message developers frequently online official rings game
http://www.basilmarket.com,talk screens gameplay videos basilmarket forum maplestory classes
http://www.illinoislottery.com,like powerball mega online illinois site buy official millions tickets possible anythings winning day get lottery find lotto lucky games numbers
http://www.strongholdkingdoms.com,medieval army first castles online across globe strategy play build stronghold game free world expand recruit mighty castle empire kingdoms mmo
http://www.codemasters.com,ahead console pc years leading codemasters racing mobile uk games publisher
http://www.metalol.net,players builds counters data best play build tier list champions based lol stats metalol guides current lists champion find use
http://www.perfectworld.com,swordsman star hotk homepage dynasty livelock online pwi saga ether battle perfect trek corporate highquality legend play jd neverwinter jade official martial fw arts game free champions world ii loma heroes mmorpgs entertainment international publisher mmorpg immortals forsaken blacklight retribution three eso torchlight war boi kingdoms
http://www.weaktight.com,review convert weak online weaktight holdemmanager community one hands fold limit postgres check free beat publish poker pokertracker sessions pot tight hand texas line omaha number know converter holdem youre
http://www.txlottery.org,cash two powerball daily millions lottery five scratch tickets play pick nothing mega lotto games texas step
http://www.fifplay.com,fifplay
http://www.waylandgames.co.uk,europes top wayland board tabletop infinity largest warmachine discount retailer k xwing miniatures savings warhammer malifaux independent workshop magic well games wargames
http://www.valottery.com,bank cash home virginia love powerball millions million cashlife lottery scratchers pick mega find including games official game
http://www.daveandbusters.com,events drink group gang restaurant local watch busters arcade play planner sports contact bar dave fun whole today eat large
http://www.sk-gaming.com,gaming believing sk
http://www.sega.com,website videos sega latest video games official game
http://www.askmrrobot.com,wow gem way suggestions dont simulations warcraft press one optimizer enchant button automatically optimize robot gear backed world theorycraft guides ask easiest mr get simulator azerite
http://www.gamesville.com,carnegie email also webhosting lycoscom university encompasses search engine mellon spun established network social web entertainment portal websites networking inc lycos
http://www.flashflashrevolution.com,flash ffrflashflashflash gamemusic music revolutionmusic flashffrflash dance filesstepmania communitygame gamessim revolutionddrstepmaniagame flashflashrevolutioncom sims rhythm chatdance revolution communitygamer gamesflash communityvideo games
http://www.freeworldgroup.com,best games fwg universe
http://www.psu.com,playstation themes ps reviews vita videos wallpapers pro news universe psvr
http://www.palottery.state.pa.us,ball club powerball players scratchoffs pick mega vip information visit benefits cash pennsylvania millionaire website every pa results pennsylvanians play fast latest hunt official game draw older millions treasure winning day wild lottery match lotto raffle games cashlife multiplier keno numbers
http://www.metin2pserver.info,servers serverroothamachipservercommunitytoplistlist oldschool metin serverpserverservermetinprivateprivateserverprivate looking p best newschool private privat server list good
http://www.racingandsports.com.au,australia results racing horse information news sports
http://www.tamiya.com,inc welcome tamiyaplasticmodelscaleminiaturercrccarradiocontrolwddangunracerhobby tamiya
http://www.lotro-wiki.com,lotrowikicom
http://www.esl.eu,legends esl online rock community one crossfire real arms counterstrike cs extreme national masters ops smite x prizes premiership mkx battlefield meisterschaft wcs pro platform leading play starcraft nordic sports opponents duty heroes шампионат replay multiplayer entertainment hearthstone global demo clan eslgaming halo bf mistrzostw fifa esports csgo forum championship cash turtle css wargmingnet series gaming skill call league lol tournament storm electronic sc black intel open bo war wgl europe национален kombat uk tanks competitive pokerth championnat combat south server hardline offensive magicka tv nationals world east ava major mortal wot cod polski evolve
http://www.ageofconan.com,site faq updates community information game wallpapers containing conan sites funcom forums official news development age
http://www.shoryuken.com,community shoryuken fighting largest web game
http://www.pj64-emu.com,nintendo project emulator
http://www.paxsite.com,pax dev aus east powered south west unplugged
http://www.ggmania.com,news xbox ps gameguru reviews switch one worlds leading best game gaming source mania wii trailers video trainers pc walkthroughs previews vr cheats u
http://www.gametrailers.com,see first destination arkham gameplay youtube hottest gamer uncharted batman official worldfirst game gaming new city trailers expect video gametrailers pax gears exclusive tra ign powered war games battlefield
http://www.privateerpress.com,press publisher privateer game
http://www.psxextreme.com,playstation things ps extreme reviews since one oldest publications world psx making us covering news
http://www.1up.com,home podcasts screenshots reviews call previews gamers info trailers cheats latest video upcom guides information news game
http://www.bluesnews.com,post blues thats fit news carnage
http://www.lasvegassportsbetting.com,parlays las vegas odds betting bet online sports picks
http://www.chessmaniac.com,chessmaniac
http://www.onrpg.com,gamelist shooters first moba since journalism videos recommended review videogame greatest forum online onrpg news browser rpg community reviews play best keys beta giveaways game gaming source free henderson fps darren key trailers look mmorpgs mmorpg access pc lists early previews mobile games preview mmo
http://www.attheraces.com,home odds news form races partner racecards results racing comparison sports tips replays horse video digital get features sky
http://www.wizardofodds.com,like casino guide odds played mathematically online information hundreds others gambling roulette correct blackjack strategies craps casinos games wizard
http://www.popcap.com,many back sprinkled smileinducing whirlwind site devices popcap even best play official may console world shiny able ea awesomeness pc keeps studios mobile polished coming find games sheen moon
http://www.ddo.com,online dungeons dragons
http://www.g4tv.com,wire games syfy
http://www.zygorguides.com,like wow zygor guide elite legion online ingame warcraft gain gold scrolls achievements game world leveling horde sign alliance guides accomplish access elder games professions
http://www.larian.com,playing years love players role spend homepage passion making larian located belgium developer play proud thanks studio game genres platforms independent gent create days get studios games multiple
http://www.docsports.com,docs predictions odds pick spread ats best docsportscom picks sports free daily tips guaranteed betting expert parlays experts tonight
http://www.mcprohosting.com,factorio hosting game start worlds highest performing platform minecraft mcprohosting ark server largest
http://www.creativeuncut.com,library monsters artists home concept environments characters creative art artworks curated titles galleries video uncut official explore game
http://www.simviation.com,planes helicopters capital flighgear martin msfs jets simviation ons information lockheed tos xplane space downloads civil tens instruction vintage gliders fsx site thousands flight worlds microsoft navigation accessories file fs choppers combat series historic plus quality freeware high pages pd free world complete add flying sim help edition prepard jet forums fsxse tutorials orbiter x pc addons fighters flightsim aircraft simulators steam simulator files support fsw military addon
http://www.skyvegas.com,football racing sky betting horse bet online sports
http://www.mabinogi.nexon.net,found
http://www.lineage2.com,
http://www.dragcave.net,enter dragon cave
http://www.betus.com.pa,racebook casino odds payouts got online news favorite bets americas betuscom betus lines us fast bonuses sports game book wagering tips poker nfl gambling race betting horse bet sportsbook football weve internet amp
http://www.thegamecrafter.com,world crafter board print welcome leader demand games game
http://www.l2topzone.com,players classic five private l forum final join interlude promote community website server high servers traffic popular helios get want gracia lineage
http://www.rebellion.co.uk,website rebellion official
http://www.mmogah.com,dfo fifa ever items fortnite power mmogah gold shop rs osrs currency leveling gil swtor coins ffxiv runescape poe trustworthy eso credits
http://www.theborgata.com,casino borgata spa place online dine visit favorite dance one play us city atlantic poker nj hotel stay games
http://www.candystand.com,pchcom back come soon
http://www.flyawaysimulation.com,downloads news reviews flight simulation fly sim away
http://www.thehendonmob.com,forbidden
http://www.teamliquid.net,brood gaming news community emphasis esports starcraft focused professional tlnet war
http://www.gonintendo.com,emblem gonintendo smash devoted community switch zelda fans waiting video ds nintendo rawmeatcowboy brothers thriving fire mario games everything
http://www.wow-pro.com,warcraft brings world pro experience game
http://www.needforspeed.com,arts explore ea site pc need leading mobile consoles video games official electronic speed publisher
http://www.curse.com,fandom wars source things site come daily first tv star fallout marvel games including fans movies entertainment dc
http://www.team17.com,group team home plc
http://www.conceptispuzzles.com,conceptis variants variations weekly online ipad iphone puzzle smart worlds best play puzzles android new free nonstop logic fun paper get mobile pencil games
http://www.worldsportsbetting.co.za,tote livesportsbook place tennis golf online bets premier site results racing sportamerican sports bettingbet sas soccer rugby gambling world national bookmaker betting horse cricket international sportsbetting football lotto
http://www.pokerlistings.com,forbidden
http://www.brainden.com,paradoxes enjoy brain riddles adults optical teasers kids logic fun illusions games puzzles jokes
http://www.photonengine.com,available os html unreal service asynchronous cross synchronous platform ios others engine android saas game backend sdks windows multiplayer net made easy global cloud applications unity photon mac games development
http://www.educationquizzes.com,ages years recall gcse aged ks quizzes teacherwritten plus active using
http://www.calvinayre.com,calvinayrecom industry conferences premier casino site global poker gambling betting analysis covering opinions online news sports
http://www.braingle.com,brain riddles teasers braingle trivia games puzzles
http://www.masslottery.com,state massachusetts lottery
http://www.menteativa.com.br,mente ativa preservar mind active games jogos para
http://www.footballlocks.com,pool plays predictions odds rankings fantasy pick weekly week footballlockscom backwards handicapper online pro spread information ats las lines power prediction strategy handicappers sports picks game wagering tips vegas nfl spreads gambling straight projections betting expert handicapping using line made standings schedules provides previews football point games
http://www.dice.se,home dice
http://www.diabloii.net,home wikis diablo diabloiinet iv forums news
http://www.rubiks.com,iconic home website howtoguides official north america cubes puzzles rubiks
http://www.tsf.org.tr,türkiye federasyonu satranç
http://www.guildwars.com,guild wars
http://www.coloradolottery.com,home powerball proceeds pick mega cash site official variety millions life tickets colorado state lottery scratch lotto lucky games
http://www.contestgirl.com,contests site free today tools one sweepstakes worlds nononsense need start freebies winning online directories stuff giveaways largest
http://www.gpwa.org,gambling webmasters portal association
http://www.gameranger.com,gameranger online play friends
http://www.alawar.com,minigames free buy alawars want causal play best online titles download including games demos
http://www.pokerprolabs.com,home advanced players poker tools labs rankings buddy page software online list pro
http://www.reapermini.com,miniatures reaper
http://www.hotwheels.com,things dvds tracks gifts website today buy sets hot accessories shop cars discover latest official wheels gift
http://www.clubxiangqi.com,úp club xiangqi chinese tướng chess play cờ chơi
http://www.entropiauniverse.com,virtual account scifi economy news cash site universe unique official real basics learn world multi create experience tutorials mmorpg read entropia
http://www.triviaplaza.com,computers site classical quiz movies quizzes play trivia triviaplaza music science online pop literature geography
http://www.advancedcombattracker.com,tracker advanced log combat parser mmo
http://www.cat-bounce.com,cat cats website bouncing bounce
http://www.crosswordtracker.com,tracker puzzle stuck finishing get solver crossword search engine solving never ensures
http://www.iaapa.org,business industry amusement access expos conferences global spread attractions association best parks practices iaapa members successful
http://www.cardsagainsthumanity.com,humanity cards buy party horrible people read game
http://www.nfscars.net,downloads tracks world need nfscars cars tools news speed
http://www.suninternational.com,hotels group resortaccommodationcasinoconferencing sun destinations premier boasts eight resorts gaming meetings city entertainment international countries suninternationalsun find casinos holiday
http://www.myth-weavers.com,email npc board e darkness dragons forum online pbp rpg community play gaming pbem post mythweavers world roleplaying dd edition focuses message dungeons serenity powered character sheets vbulletin wod
http://www.arizonalottery.com,arizona many opportunities back communities state provides giving lottery win local games dozens
http://www.realitymod.com,bf army illusions online join warfare reality community modes arma realistic modern bohemia game gaming variety new vehicles canadian pla project realism complete prmm united israeli including interactive british multiplayer modification nations digital ea pc bi assault action today redefined states weapons growing pr mec mods military featuring war games battlefield armed
http://www.playrix.com,gardenscapes township team behind world one leading mobile developers fishdom playrix game
http://www.bandainamcoent.com,generation tekken connected america much dragonball news visit favorite join bandai site pacman dark latest naruto gaming learn world sign next web entertainment today get souls namco games
http://www.mohegansun.com,like casino great resort rooms spa sun golf live much performances enjoy pools ct us luxury mohegan getaway gaming next amenities connecticut plan excitement stay
http://www.zam.com,home come community resources million hottest wowhead gamers stormshield worlds passionate players online welcome reliable games join fanbyte
http://www.thechessworld.com,many learn skills tips improve chess help win lessons materials games thechessworld game
http://www.scummvm.org,scummvm home
http://www.minecraft-statistic.net,servers countries players version modes skins monitoring statistics minecraft search server list plugins
http://www.mamedev.org,mamedevorg project home mame
http://www.natfka.blogspot.com,k rumors faeit news warhammer
http://www.heromachine.com,sketch portrait scifi fantasy creator character superhero create heromachine
http://www.trainsim.com,trainsimcom home
http://www.wotstats.org,progress players progression efficiency tracker tanks wotlabs рейтинг 坦克世界 вот eu combat sea statistics ru rating game wotstatsorg instant world na stats wargaming mmorpg update wn wot калькулятор ффективности check
http://www.betshoot.com,access denied wwwbetshootcom used restrict cloudflare
http://www.doomworld.com,forums doomworld
http://www.buffalopartners.com,buffalo partners
http://www.nisamerica.com,america inc nis
http://www.textadventures.co.uk,text textadventurescouk play adventure share fiction interactive games create stories
http://www.dorkly.com,email adschmediacom videogames youtube sega channel comedy gaming inquiries advertising welcome video dork collegehumor nintendo dorkly funny mario games
http://www.paf.com,casino vuodesta mahtavan pelaa helposti peliiloa jo rahapelejä pelivalikoiman ja paf parissa pafcom vuotta casinolla yli netticasinoa hauskanpitoa netticasino viihdy ilmaiseksi rekisteröidy
http://www.magicspoiler.com,spoilers new cards mtg spoiler magic date visual news gathering
http://www.wakfu.com,addictive environmental comics emerging online wakfu political community cheat strategic bring real game toy new free warrior world system heroes craftsman video multiplayer mmorpg pc merchant rental addicting whether youre ruins politician hope depends mmo everything
http://www.zdoom.org,start zdoom
http://www.instantwincrazy.com,acceptable
http://www.wilottery.com,site wisconsin homepage lottery official
http://www.ffshrine.org,armor advent ultimate fantasy children xii irc square iv final chat music news downloads ix characters soundtracks shrine squaresoft summons vi mps vii trailers ff tactics advance forums squarenix fansite crystal x squareenix walkthroughs walkthrough magic weapons enix v chronicles xi viii media offering
http://www.mmohuts.com,forbidden
http://www.gamefreaks365.com,acceptable
http://www.foxwoods.com,deluxe casino shopping resort meetingluxury wide dining pequotledyard vacationsbusiness ct lodgingaccommodationsaccomodationsspasuitesvacationgetawaysdiscountroomsarea foxwoods fine variety ctfamily accommodations connecticut entertainment travelromantic features getawayreservationsgolfbest attractions casinosresortshotelsmashantucket
http://www.igbaffiliate.com,igb business affiliate conferences industry publishes magazine operates igaming
http://www.atlus.com,including persona odyssey website usa information shin homepage tensei etrian receive series titles atlus uptodate official megami game
http://www.sudoku.name,meet puzzle free players levels sudoku get unlimited choose print play online statistics share games puzzles difficulty
http://www.nintendo.com.au,stackpath
http://www.gameservers.com,ventrilo host servers clan hosting game teamspeak server dedicated
http://www.videogamer.com,console source videogamercom pc ps reviews one videos trailers video news xbox game
http://www.wordsolver.net,turn bogglelike rearranges letters scrabble boggle pics although something even wordladder wordsolver anagrambased word anagram words draw grid help friends crosswords solver helps games
http://www.desmume.org,desmume
http://www.arcade-museum.com,fortune coinoperated stimulators atari vaps videogames resource videogame redemption iam covering klov music centuri premier tellers arcade scales worlds jukeboxes sega supply vending antique pinball game amusement arcadia machine trade musuem video device museum mills international midway coinop penny exhibit konami bally history games machines
http://www.holdemmanager.com,information analyzing display tool visual official game table opponents new poker manager page help identify heads provides users hm holdem
http://www.michiganlottery.com,powerball homepage fantasy jackpots michigan mega online website buy view official instant millions winning current hour lottery twentyfour lotto games numbers
http://www.aiononline.com,
http://www.spring4sims.com,sims downloads custom free updates daily springsims since best updated cc content finds
http://www.palacasino.com,forbidden
http://www.lineage.pmfun.com,interlude goddess destruction drop calculator quest five gracia kamael l hellbound high c spoil interludekamaelhellboundgraciafreyahigod freya lineage game
http://www.projectzomboid.com,ultimate survival zombie rpg
http://www.indiarace.com,first foremost racing horse portal indiaracecom indias
http://www.renpy.org,engine visual novel renpy
http://www.majornelson.com,lives homepage nelson major xbox
http://www.renai.us,archive renai
http://www.sclv.com,resorts las vegas hotels station casinos
http://www.simtropolis.com,custom journals simcity forum online downloads discussion community simtropoliscom reference skylines mod game city help cities guides forums sc tutorials addons walkthroughs articles featuring citybuilding mods
http://www.flightsim.com,home ultimate searchable galleries flightsimcom xplane downloads site fsx thousands flight microsoft pilots simulation fs file tips aviation flying download prepard forums message pc addons photo flightsim simulator files
http://www.pickuphockey.com,pool ultimate fantasy set pick online news pickem community pools fully officepools hockey pickup free nhl manager forums pickuphockey easy office customizable
http://www.nostalrius.org,nostalrius begins
http://www.openttd.org,openttd home
http://www.funjoint.com,acceptable
http://www.mnlottery.com,lottery homepage home minnesota
http://www.247freepoker.com,wild many tens free casino chips poker better deuces play joker online download video games jacks game
http://www.warcraftpets.com,wow battle companions warcraftpetscom vanity pets
http://www.theminiaturespage.com,armintrout tmp fantasy devoted historical scales soldiers wargame fiction miniatures magazine game etc toy genres miniature page science web bill wargaming soldier history games
http://www.take2games.com,interactive taketwo
http://www.atariage.com,pictures guide nexus atari played rarity board videogames roms videogame emulation jaguar bit much news bushnell discussion links atariage scans buy st worth hasbro falcon jts collect game boxes boards manuals stella sale scan labels infogrames download video guides message collecting value database nolan today storing articles history rom games lynx price vcs
http://www.clubwpt.com,events brought clubwpt main live vip online cash every k play share chance official real game poker world wpt including day tournaments tour prizes monthly packages
http://www.gamesalad.com,gamesalad home
http://www.seventhsanctum.com,descriptions art randomly produce sanctum creativity site rpg alleviate characters creative generators inspiration seventh roleplaying page welcome fun stories concepts well blocks games writing
http://www.sportsinsights.com,insights trends industrys forces odds move live visit bets site ncaab lines platform sports nfl help betting analytics make smarter mlb advanced today track nba ncaaf
http://www.team-dignitas.net,dignitas
http://www.gametabs.net,tabs video tablature game
http://www.crosswordsolver.org,australia letters missing uk forum solves finish search puzzles letter millions used help database clues usa clue solver crossword
http://www.cgmagonline.com,cgmagazine gaming conversation reviews looking features culture art editorials articles comics build helps interviews magazine insightful news
http://www.psypokes.com,pokémon connection psychic psypoke
http://www.elitedangerous.com,dangerous take starship galaxy elite control
http://www.runehq.com,many awarded trail community one databases shop jagex rs tips unfair quest treasure help runescape forums guides helpful stop advantage monster runehq platinum features walkthrough everything
http://www.mmorpg-life.com,lifestyle life news mmorpg lifemmorpg guides
http://www.warcraftmovies.com,moment
http://www.starmen.net,mother goodness starmennet earthbound
http://www.darkageofcamelot.com,falls shrouded age winning skill combinations darkness rising df hibernia daoc mythic features comprehensive midgard trade war rvr system toa camelot mmorpg catacombs trials combat featuring guild labyrinth play robust classrace realms player rpg award mmo foundations dark bioware multiple atlantis realm albion frontiers isles herald pvp focused vs ea minotaur three
http://www.aq3d.com,friends action video ios world greatest home device game worlds mmorpg play legendary anywhere explore incredible filled crossplatform steam quest multiplayer online loot expanding adventure android ever massively fantasy monsters high
http://www.rpgfan.com,rpg reviews extensive rpgfan coverage since games news rpgs videogames roleplaying
http://www.zybez.net,skipstil onyxrunescapegame tablesweaponweaponmelee wiki guides death includes contribute wikirunescaperunescape updatesequipment weaponsweaponmagic fandom items anyone weapons quests needle partalchemical database runescape skills monsters us wikihuntercraftingthe
http://www.mmogames.com,stackpath
http://www.everquest2.com,gaming adventure thousands generation players world community huge massively ii everquest next home online multiplayer come together
http://www.uo.com,online ultima
http://www.furcadia.com,record game userempowering furcadiafurcdigofriendfriendlyonlinesocialgameimagineimaginationdreamcreateexplorecommunitycreationdragonfurryroleplay let world friendly social soar imagination holding online furcadia
http://www.zeldauniverse.net,best largest world link navi majora walkthroughs triforce mask heroes princess fans fan game time waker worlds swords community place four past zelda every midna force news u ganondorf wind adventure sword universe majoras ganon wii adventures twilight legend ocarina uptodate tri skyward
http://www.d2tomb.com,knowledge page tomb ii home diablo
http://www.defiance.com,stackpath
http://www.rpgamer.com,reviews video one features ps performance xbox care rpgs rpgamer roleplaying might games news running switch editorials anything years pcreviews editorial content providing vita twenty take focused affect
http://www.warcraftrealms.com,realm population accurate data world site census warcraft wod realms wow
http://www.teso.mmorpg-life.com,scrolls life database elder eso maps things place screenshot fansite home brings online teso guides
http://www.eyesonff.com,vi xi classic latest viii x eyes reborn hearts ix iii eoff ii weve rpg games v xiii nostalgia releases news chirono trigger final xenogears love retro squall chross xii vii realm got iv cloud fantasy articles kingdom
http://www.aiondatabase.net,knowledge base database mmo aion
http://www.cavesofnarshe.com,caves narshe
http://www.nexustk.com,role world trial mpog event game awesome community mmorpg mud roleplaying orientated beta rpg winds games internet chat entertainment included nexus online quest multiplayer massive free playing leader anime kingdom
http://www.pso-world.com,news psoworldcom latest updates home
http://www.lurkerlounge.com,acceptable
http://www.silkroadforums.com,characters free page forum silroad silkroad discuss find forums guild play skills guilds online people come index
http://www.pokedream.com,video forums walkthroughs ash pokedream guides fan nintendo game site discussion featuring pokemon pikachu strategy games rpg news pokedex pocket content go pokemonrelated pokmon monsters walkthrough
http://www.stoacademy.com,sto star academy maps onlinestostar help information online trek helpsto
http://www.skyrimforums.org,rpg news forums skyrim teso
http://www.lotrointerface.com,rpg lotro game addons skins lotrointerface community mmo customization interface lord lotr online rings xml
http://www.abyssalchronicles.com,ver tales abyssal chronicles fansite homenews series beta
http://www.insanityflyff.com,insanity onlineflyff wikiflyff elementsdragon onlinelineage serveer elementsflyff server fly fun downloadflyff game onlinesilkroad mmorpgmmorpg mmorpg private play flyffflyff serveronline flyff nest online free gamesflyffflyff fantasy serveriris
http://www.gw2.mmorpg-life.com,material locations wars help fansite guide crafting guides map life maps mmorpg guild jumping classes news mmo puzzles database dungeon gw walkthrough
http://www.ageofwushu.com,age best art character consequences gamequesting game grinding master chinawowworld revolutionary games every gamealpha wulinaowage ancient mmommoshandamowhogministry years true wushu themed classlevelclassrandom delve relive fulfill testbeta gameshardcore warheroes gamesaerial first aow playfree dynastychinese chosenchinese mmo wulinchinese testsnail hardcore gameplay action world gameno gaiathe mmorpg story snail combataerialguildnpcrtshardcore usa martial aaa anticipated destiny graphics gamessnail gamemost wushuage warcraftblizzard levelno wushuwulinage journey chinese mmommorpgrpgaaafpfree wuxia artsperfect usagpotatokung tradition play fumartial innovative gamewuxiasuzhoubest gamenon dynastyancient face historychinese arts mmorpghardcore free colossal cutting unique npcaerial edge
http://www.fallensword.com,adventure free playing sword game explore role thousands players number vast fantasy realms across online fallen
http://www.eq2.eqtraders.com,corner traders eq
http://www.aq-3d.wikidot.com,adventurequest aqd wiki
http://www.terra-arcanum.com,games currently world upgrade terraarcanum troika
http://www.mapletip.com,characters destination character korea global jms msea help jobs looking guides fun maplestory wizet forum story mapletip item gms come kms cash party chat oms maplesea advance mapletipcom quest maple blog nx sea mapleglobal join tips market information tip nexon
http://www.auctioneeraddon.com,auctioneer addon
http://www.runescape.salmoneus.net,service well skill world help detailed looking guides maybe train knowledge community runecrafting sals passion selection players love quest thats g realm hardcore runescape wide check searching
http://www.urbandead.com,webbased free game survivors fight apocalypse control browser zombie urban massively mmorpg zombies ruined dead multiplayer gridbased city
http://www.simcountry.com,run peaceful regions gamevirtual five large empires membership countries continents strategic trade simulation war economic part game assets worlds try president mmorpg power login option play strategy build dominate welcome worldssimulation running online virtual many massive free playing presidents join economies simcountry please compete
http://www.imperial-library.info,library imperial
http://www.heromart.com,video music tshirts shipped teens adults undergro produced indie games shop packed official entertainment entertainments kids artix books online heromart products
http://www.diablo3ladder.com,world paragonsdiablo buildsdiablo seasonsbest leaderboard progress calculatordiablo clans legendary item rift season progressdiablo seasons statsdps ladder diablo buildsparagon greater diablodiablo calculator rankings statsdiablo rolls clansdiablo
http://www.forum.gmstemple.com,page default works apache debian
http://www.wowthinktank.blogspot.com,thinktank
http://www.ironsongtribe.com,ironsong tribe
http://www.animal-crossing.com,games nintendo animal official crossing home videos
http://www.pokemongodb.net,database go website news tips pokmon pokemon information charts guides
http://www.t4c.com,coming th desc realmud home
http://www.ds.heavengames.com,heavengames
http://www.nethack.org,nethack page home
http://www.elderscrollsonline.info,game scrolls tutorials database website find community addons elder eso mmo tes online videos everything quests guides
http://www.wow-heroes.com,ratings character info world pve warcraft wow heroes
http://www.bootstrike.com,bittorrent speed service pagan video torment laughter music windows kicked gate create design viii abyss vhs stygian faq home planescape hell bootstrikecom jokes ultima walkthroughs kerpal guides ngage vista mp worlds dog trainers serpent tutorial ii explorer singapore web black labyrinth beng downloads screenshots humor torrent cards greeting isle faqs tech patch hacks internet games humour support xp conversion kids school dualbooting greetings engineering ah computer vii tutorials underworld cheats genetic
http://www.thegoldqueen.com,queen live draenor garrison skill world profession tsm pets cap new guide crafting trade auction guides fast fan addons easy master legion gold movie warcraft strategy wow course snatch strategies professions plus house spots making warlords coaching farming list fishing farm
http://www.l2portal.com,map raid boss database portal news dropspoil drops drop latest calculator quest lineage
http://www.sorcerers.net,underdark age best torment tricks guide walkthroughs baldurs throne ruins game iii forum demon pool dao realms resource mysteries dragonlance games realtime strategies news toee rts greenwood tolkien heart storm stone planescape guides undrentide temple sorcerers ii drow stormreach soz rpg faqs hacks nights westgate books bhaal drizzt elemental faerun evil wizardry eberron da dragon tips information reviews zehir drannor bg gate elminster forgotten place r nwn screenshots icewind mods ed dragonshard hotu crpg origins sou dale online neverwinter cheats movies walkthrough review dd hordes faq mask hints consolidated maps motb dungeons downloads strategy shadows hack salvatore winter computer myth iwd dragons betrayer magic fantasy radiance mow
http://www.ffxivinfo.com,trailers info world ff forums ffxi lots date reborn release city guides states system guildleves stormblood combat eorzea featuring screenshots full item beta disciplines news final ffxiv online loot races aetheryte realm heavensward database wallpapers lists fantasy xiv information armoury hydaelyn abilities source
http://www.planetvampire.com,planetvampirecom home
http://www.thefinalfantasy.com,http page powered server test centos apache
http://www.thevaulttecinc.com,reviews ios latest new updates fo youtube future preservation fallout societal rpg vegas mods prepare program news videos vaulttec blog android memes hot get review
http://www.mmosite.com,lovers best soon game mmositecom protal mmo return
http://www.dynasty-warriors.net,required attention cloudflare
http://www.uffsite.net,vi coverage crisis xi cerberus ff forums dirge viii square fansite chronicles walkthroughs x advent versus fans ix chrono includes iii crystallis site discussion ii crystal defenders cross children series v xiii news trigger final offers nova media uff interviews vii xii extensive fabula iv enix fantasy uffsite information interactivity
http://www.tamrieljournal.com,scrolls community journal elder eso news fansite articles tamriel online guides
http://www.pokefind.co,free without mods introduces ip playpokefindco pokfind pokmon play needed server minecraft
http://www.planetcalypso.com,largest world economy first mmorpg avatar experience planet calypso possibilities real cash graphics scifi mmo offers virtual universe entropia endless unique themed money stunning
http://www.southperry.net,ranksgmskmsjmsemsmaplestory buildsevanfielknights databasemaplestory fansitehorntailaranmaplestorymaplestorypirateswz data southperrynet cygnusmaplestory lungskill fansite bangchaosheroeslegendsresistancedemon guidemaplestory maplestory calculatormu maplestorymaplestory bladedamage classesmaplestory buildrebalancingkmsgmsemsresistanceadventurerslegendsbig extractionsmaplestory bangdual slayermercedesmechanic rebalancingmaplestory extraction informationmaplestory information fileseosbig skillsmaplestory
http://www.suikosource.com,suikosource suikoden source
http://www.fiestafan.com,forumsfiesta forums boardsfiesta forumfiesta fansite active guides community fiestafan guidesfiesta marketfiesta ultimate fiesta communityfiesta online tradefiesta videos many leading market information pictures onlinefiesta
http://www.warofdragons.com,dragons game playing role mmorpg fantasy legend legacy
http://www.rephial.org,angband rephialorg home
http://www.eq2interface.com,iieqeqeqiisoeinterfacexmltgamodsskins everquesteverquest site ii everquest interface eqinterface
http://www.ladymoiraine.com,acceptable
http://www.roguebasin.roguelikedevelopment.org,roguebasin
http://www.maplewiki.net,maplewiki
http://www.metin2dev.org,metindev forums
http://www.animalcrossingcommunity.com,characters friend friends board discuss world new codes city fans patterns animal forum community site message wild trading games horizons ages folk items textures wifi crossing tips make leaf
http://www.rpgwo.com,rpg free game playing role mickey website world kudlo online multiplayer download
http://www.tibiame.com,rpg game mobile official homepage first tibia xhtmlmp handy mmorpg massively home roleplaying tibiame online multiplayer phones
http://www.winterwolves.com,new buy simulation mac life sim demo try trials otome full strategy rpg games platforms purchase dating versions manga computer download sport free order tycoon anime version downloadable pc
http://www.finalfantasyunion.com,dissidia vii anywhere wont find whether place final one fantasy else detailed information resource union everything ultimate
http://www.auno.org,aunoorg online anarchy resources
http://www.adom.de,adom variety world roguelike short depth immersion emphasizes game unityd story full successor ultimate platforms official homepage professions made biskup thomas items different created ancient quests many mystery domains wide skills fantastic
http://www.lotd.org,board guild message dead lords
http://www.junglebiscuit.com,gaming subjects junglebiscuit contains tips advise articles formula various guides
http://www.covenantofthephoenix.com,forums phoenix covenant home
http://www.twguild.org,twilight guild wow alexstrasza
http://www.shiningforcecentral.com,central force shining
http://www.anarchy-online.com,online anarchy funcom
http://www.kh-vids.net,forbidden
http://www.roguetemple.com,acceptable
http://www.worldforge.org,worldforge home
http://www.upnetwork.net,upnetwork board forum piecevbulletinjelsoftforumbbsdiscussionbulletin discussion network anime pokmon pokemonpokmonanimeone ultimate
http://www.d3jsp.org,logd league fg forum community maps green djsp trading lol diablo gaming goldfgjsphacksdjspdjsp legends igg dragon sell promisance legend starcraft
http://www.khguides.com,khguidescom enter keywords
http://www.eq2llinks.com,item everquest links eqlinks
http://www.lootdb.com,eq lootdbcom zones stats nameds guide communitycontributed mmorpg ii item mobs lootdb mmo everquest items loot database information db zone links
http://www.dynmap.ruslotro.com,gandalf mines archet eaves dwarf beornings waterworks wall lebennin belfalas game hobbit dunland black item beta north lothlorien downs old lossarnach wastes foundations kingstead northern eastern lord lotr ered westfold udun laketown playing southern orodruin paths vales trollshaws elf entwash mountains angmar agarnaith burglar delving tolkien vale blackroots osgiliath breeland doomfold galadhon gondor taur morgul stone luin shire zelemmelek breetown isengard npc eregion rohan march dalelands minas ithilien norcrofts barrowdowns south durins rpg mobs guardian wold west mmo broadacres warden items king walls talath multiplayer iron entwood east lotro felegoth flooded western mirkwood shadow glimmerdeep duskenvale grand annuminas steel information hunter dagorlad stair amroth ringlo sutcrofts slaghills role silvertine anorien shelob gate hultvis grimbeorns urui torech pelargir dolerernil way map flaming man deeps champion mmorpg evendim captain lodes aldburg deep havens central amarth crpg great keeper far anduin ungol dead online dale nomanlands caras marshes eastfold massively lamedon stormwall dynmap dol siege loremaster riders wildermore enedwaith naur thorins imlad nudmelek besieged moria wolfdenes npcs misty mithrin dor gorgoroth maps forest combat sundering entwade rune roleplaying redhorn zirakzigil forochel erebor edoras lhingris lodge gap minstrel quest computer quests rings mounted stonedeans keep rivendell mordor sammath ettenmoors dynamic rhosgobel beacon lonelands helms upper druadan hills sauron fangorn
http://www.acpedia.org,wiki community ac
http://www.blessingofkings.blogspot.com,kings blessing
http://www.chronocompendium.com,updates news
http://www.mbrepository.com,repository mb index
http://www.eternal-lands.com,lands website official eternal wwweternallandscom
http://www.photics.com,online photicscom since
http://www.guildseofon.com,seofon
http://www.mwmythicmods.com,mods mythic morrowind
http://www.skyrim-beautification-project.com,mods extensive modding beautification project guide skyrim enb
http://www.wildstar.mmorpg-life.com,info latest one guide talent guides path life place scientist spellslinger much explorer mmorpg wildstar news items warrior esper quests needs need database ever calculator stalker db mission brings information
http://www.virilneus.com,iv site virilneus gemstone
http://www.avlis.org,world portal avlis
http://www.maxdps.com,world news gear warcraft rankings maxdpscom
http://www.lotro-abc.com,downloadable music lotroabccom directory
http://www.darkswords.eu,rpg games free game playing role darkswords swords mmorpg dark web fantasy play online
http://www.virindi.net,virindinet
http://www.agonyguild.net,world agony guild warcraft ysera
http://www.dungeonblitz.com,freetoplay blitz mmo dungeon fantasy browser
http://www.taultunleashed.com,tault glitches wars world tools exploits guides bots taultunleashed star also mmorpg guild republic warcraft games hacks leveling rift old mmo bugs aion online lineage free swtor cheats macros
http://www.aionstrategies.com,casino aion online betting gambling
http://www.jerrec.com,lock lockpicking roguish lots home icemule rogue looking formulas guides way gemstone spell place much guild training direction voln jerrec course welcome types gs elanthia like jerrecs several geared lord toward critter lore houses creature statistical lair iv matters information links
http://www.istaria.com,building best character spells trades crafting game arcane avatar lairs occ horizons adventure playing craft structure upon values housing alt buy structures economy melee playable trading rich classes tradeskills mmo rp exchange class multiplayer icc lore lair vast sell istaria noninstanced powers role multiclass world adventuring server event trade schools community historical mmorpg events deep immerse construction persistent school online advancement massively history fp barter environment versus plot combat play player toon crafts plots built open dragons multiclassing free pve fantasy magic skills
http://www.nuvie.sourceforge.net,recreation empire vi martian running systems remake project dreams nuvie engine operating modern ultima savage open source
http://www.kh2.co.uk,hearts got ultimania birth sleep kh news dream drop recoded covered kingdom distance videos weve looking images
http://www.z64central.com,acceptable
http://www.wowmacros.info,druid world classic guide mage general rogue death priest warlock legion shaman monk warcraft demon azeroth wow games battle knight classes warrior beginner explained macro macros paladin hunter
http://www.guildwars2guru.com,world wars news mmo guild raids warcraft wow
http://www.worldofmatticus.com,matticus blog world raiders warcraft healers
http://www.pch.com,soon come back pchcom
http://www.betfair.com,teknolojileri bilgi kurumu iletisim
http://www.covers.com,teknolojileri bilgi kurumu iletisim
http://www.bet-at-home.com,teknolojileri bilgi kurumu iletisim
http://www.soccervista.com,predictions picks results soccer soccervista betting
http://www.vegasinsider.com,odds vegas news sports betting gambling
http://www.sportingbet.com,teknolojileri bilgi kurumu iletisim
http://www.mgmresorts.com,best casinos lodging mgmresortscom mgm resorts dining entertainment learn book next today international worldwide shows vacation showcases
http://www.oddschecker.com,teknolojileri bilgi kurumu iletisim
http://www.williamhill.com,teknolojileri bilgi kurumu iletisim
http://www.flalottery.com,lottery florida
http://www.sportsinteraction.com,teknolojileri bilgi kurumu iletisim
http://www.calottery.com,see games ticket winning state access website welcome lottery full draws new next home numbers jackpots california
http://www.officefootballpool.com,run office best college tournament confidence bracket soccer pro survivor bowl football ranks including nascar march baseball golf also share madness pickem key pool bets nfl ncaa squares pick pools picks superbowl hosting basketball fantasy
http://www.contests.covers.com,found
http://www.bet365affiliates.com,profit casino bingo affiliates every program share poker sports bet betnbspaffiliatesp refer pbenefit customer betting affiliate
http://www.partypoker.com,teknolojileri bilgi kurumu iletisim
http://www.paddypower.com,teknolojileri bilgi kurumu iletisim
http://www.bodog.eu,teknolojileri bilgi kurumu iletisim
http://www.asianbookie.com,asianbookiecom world handicap capital asian
http://www.windrawwin.com,
http://www.online-sweepstakes.com,year largest onlinesweepstakescom clubs drawings giveaways sweepstakes community enter prizes web cash contests contest millions several dollars online win sweeps members sweep premier sweeping ols webs directory prize
http://www.runyourpool.com,run office service point college tournament confidence bracket sports mens survivor football march baseball golf em madness pool nfl ncaa pick management pools spread runyourpoolcom runyourpool hosting basketball premier brackets us
http://www.pokernews.com,teknolojileri bilgi kurumu iletisim
http://www.olg.ca,l g
http://www.cardplayer.com,teknolojileri bilgi kurumu iletisim
http://www.megamillions.com,games megaplier match two optional mega prizes millions one big million americas jackpot
http://www.intertops.eu,teknolojileri bilgi kurumu iletisim
http://www.officepools.com,pgafantasy free nhl golf leaders since hockey officepools join customizable pools sports create fantasy football fundraising nfl
http://www.cardschat.com,teknolojileri bilgi kurumu iletisim
http://www.mrgreen.com,teknolojileri bilgi kurumu iletisim
http://www.freelotto.com,
http://www.adda52.com,teknolojileri bilgi kurumu iletisim
http://www.soccerpunter.com,teknolojileri bilgi kurumu iletisim
http://www.wsop.com,teknolojileri bilgi kurumu iletisim
http://www.galottery.com,georgia lottery
http://www.illinoislottery.com,day winning lottery illinois anythings powerball buy lucky site lotto find possible games tickets official mega like millions online numbers get
http://www.poolhost.com,run office college manager carry home march madness pool bowls nfl squares derby pools online manage many ufc free nflcollege fantasy brackets
http://www.bettingpartners.com,partners best home
http://www.txlottery.org,cash games tickets texas two mega step lottery five pick scratch millions powerball lotto play nothing daily
http://www.valottery.com,games cashlife cash game scratchers official mega virginia lottery bank pick love millions powerball home million find including
http://www.weaktight.com,pot number one hand texas youre community fold poker postgres weaktight hands line pokertracker review holdem convert holdemmanager tight online weak free converter beat omaha sessions publish check know limit
http://www.palottery.state.pa.us,day winning match website millionaire hunt lottery latest powerball fast game club multiplier raffle results lotto play vip wild games benefits cash every players mega pick official millions ball pa cashlife scratchoffs draw older information numbers visit keno pennsylvania treasure pennsylvanians
http://www.expekt.com,teknolojileri bilgi kurumu iletisim
http://www.racingandsports.com.au,australia racing news sports results horse information
http://www.docsports.com,odds best parlays sports experts predictions guaranteed daily ats tonight docs pick spread picks free docsportscom tips expert betting
http://www.attheraces.com,odds video sports sky form features home comparison racecards results horse digital racing news partner races replays tips get
http://www.lasvegassportsbetting.com,odds vegas parlays sports bet picks online betting las
http://www.thehendonmob.com,forbidden
http://www.calvinayre.com,calvinayrecom casino premier site poker news sports global conferences industry analysis online covering betting opinions gambling
http://www.worldsportsbetting.co.za,rugby national world sports soccer tennis football bookmaker sportamerican golf site place results horse lotto bets cricket racing bettingbet sas online livesportsbook gambling sportsbetting premier tote international betting
http://www.betus.com.pa,teknolojileri bilgi kurumu iletisim
http://www.pokerlistings.com,teknolojileri bilgi kurumu iletisim
http://www.theborgata.com,dine one city place poker play games atlantic hotel borgata online spa nj casino dance stay favorite visit us
http://www.wizardofodds.com,teknolojileri bilgi kurumu iletisim
http://www.masslottery.com,lottery state massachusetts
http://www.footballlocks.com,odds spreads point sports wagering plays standings pro football las footballlockscom game predictions straight schedules power weekly using line pool strategy nfl games vegas projections ats pick backwards made spread week picks provides online handicapper gambling handicapping lines previews prediction tips fantasy information rankings expert betting handicappers
http://www.coloradolottery.com,variety scratch lottery proceeds powerball home lucky life state site lotto cash games tickets official mega pick millions colorado
http://www.skyvegas.com,racing sports bet sky horse online football betting
http://www.paf.com,teknolojileri bilgi kurumu iletisim
http://www.suninternational.com,casinos suninternationalsun meetings countries boasts eight city resortaccommodationcasinoconferencing hotels find entertainment destinations gaming premier resorts sun group holiday international
http://www.igbaffiliate.com,affiliate operates magazine igb industry conferences igaming publishes business
http://www.contestgirl.com,contests free need giveaways sweepstakes stuff worlds largest directories start site winning freebies one tools online today nononsense
http://www.mohegansun.com,live luxury ct golf connecticut much next enjoy resort rooms great amenities like pools getaway performances plan gaming spa casino sun mohegan excitement stay us
http://www.gpwa.org,association portal webmasters gambling
http://www.michiganlottery.com,winning website lottery view powerball buy current instant lotto games official homepage mega michigan millions online jackpots twentyfour hour fantasy numbers
http://www.pokerprolabs.com,rankings page buddy players list poker software advanced home tools pro online labs
http://www.foxwoods.com,travelromantic variety meetingluxury features accommodations ct dining attractions connecticut deluxe pequotledyard getawayreservationsgolfbest vacationsbusiness ctfamily resort shopping entertainment fine casinosresortshotelsmashantucket lodgingaccommodationsaccomodationsspasuitesvacationgetawaysdiscountroomsarea casino foxwoods wide
http://www.buffalopartners.com,partners buffalo
http://www.betshoot.com,teknolojileri bilgi kurumu iletisim
http://www.wilottery.com,official homepage site lottery wisconsin
http://www.arizonalottery.com,games many communities state opportunities dozens lottery local arizona back provides giving win
http://www.instantwincrazy.com,acceptable
http://www.indiarace.com,portal racing first indiaracecom indias foremost horse
http://www.clubwpt.com,day live world including game k share poker prizes tournaments events play vip cash packages real every wpt official online clubwpt tour chance main monthly brought
http://www.sportsinsights.com,odds live sports ncaab industrys help smarter ncaaf site trends track bets today nfl move insights platform advanced mlb analytics lines forces nba make visit betting
http://www.mnlottery.com,homepage lottery minnesota home
http://www.pickuphockey.com,office nhl forums manager easy officepools community pickem pool pickuphockey ultimate hockey pickup pick news pools set online free customizable fantasy fully
http://www.sclv.com,vegas station casinos resorts hotels las
http://www.crownmelbourne.com.au,accommodation packages casino explore best restaurants melbourne welcome special offers book hotels melbournes online crown
http://www.holdemmanager.com,heads analyzing new manager help game page opponents hm table poker visual display users official holdem provides tool information identify
http://www.blackjackapprenticeship.com,teknolojileri bilgi kurumu iletisim
http://www.star.com.au,accommodation casino star dining entertainment group worldclass luxury awardwinning
http://www.pokeratlas.com,teknolojileri bilgi kurumu iletisim
http://www.10bet.com,teknolojileri bilgi kurumu iletisim
http://www.pocketfives.com,pocketfives home
http://www.uffiliates.com,real programs affiliates earn money affiliate
http://www.walottery.com,game match keno scratch mega lottery millions washington powerball lotto wa hit washingtons daily
http://www.motorcitycasino.com,casino like detroit experience hotel motorcity luxury
http://www.poolexpert.com,office baseball mobile league apps hockey realtime commissioner individuals pools network manager fantasy updates private social pool poolexpertcom
http://www.usamega.com,anaylsis statistics winning search lottery latest faq powerball millionslotteryresultswinning home results lotto usa play past jackpot daily games pages mega news powerful millions multistate drawing win extensive numbersstatisticsjackpotnews history powerballmega engine numbers
http://www.cityindex.co.uk,markets forex trade range leading join global spread city wide uk financial online cfd betting provider index trading
http://www.casinocity.com,directory casino city
