domain,content,category
http://www.asitoyun.com/,oyun asitoyuncom bedav oyn ,Game
https://www.kraloyun.com/,onlin indirme fazl balon den kraloy ücrets patlat tetris kayıts oyn candy oyun crush mahjong ,Game
http://www.oyunlar-1.biz/,onlin güzel indirmes merkez ücrets oynayabilir site yen oyun ,Game
https://www.kraloyun.com/Yeni-Oyunlar,onlin şimt kraloy ücrets hergü flash site türki yen ziyaret günlük oyn birçok nin oyun edilen mobil ,Game
http://www.oyunlar1.gen.tr/,oyunlargentr oyun ,Game
http://www.oyuncini.com/,sosyal oyuncin ifade eder paylaşım kent çeşit oyun bir dur ağı cin kazanman eğlence hedi ücrets sağlayan ak sunan ,Game
https://www.barbioyunu.com.tr/yenioyunlar/,kız yen barbi giydir oyun ,Game
https://www.oyunskor.com/,güzel diğer skor yen web kiz multiplayer oynay türkiye bedav çevrimiç html oyun oyunskorcom spor savaş iyi aksiyon oyunlari zombi araba site ,Game
http://www.minioyun.org/,oyun bedav iyi oyn ,Game
http://www.butunoyunlar.net/,oyun bütün oyn ,Game
http://www.kraloyunoyna.com/,bedav engüzel oyn öcrets oyun kral ,Game
https://www.oyunlar1.net/,hemen güzel ücrets tek bura tıkl harika oyn sunar oyun ,Game
http://hupoyunlar.com/,oyun oyn hüp ,Game
https://tr.pog.com/,onlin pog harika var basketbol y futbol games çevrimiç eğle oyn giydir oyun dal doğru şimt flash kütüphane oyunlaru ücrets hava araba olarak birçok atıcılık oynayabilecek pogde ,Game
https://oyun.mynet.com/oyunlar/cocuk-oyunlari.htm,onlin hemen fazl gel myne flash tıkl bedav iyi oyn mynet oyun çocuk ,Game
https://www.rotaoyun.com/,oyun bedav oyn ,Game
https://oyun.mynet.com/oyunlar/en-guzel-oyunlar,güzel ücrets oynamak tıklay olarak oyn mynet oyun ,Game
http://oyunlara.com/,güzel oyun oyn ,Game
https://oyun.mynet.com/cok-kisilik-oyunlar/,onlin hemen myne tıkl bedav kişilik mynet eğlence oyun kağıt arıyor ,Game
http://www.oyunsite.net/,onlin ücrets skor yük site si macera bedav oyunlarheyecan oyn kişilik dünya oyun veriç kral ,Game
https://www.3doyunoyna.com/,onlin hemen siz platform türkiye doyn d araba oynamak tıklay benzer doyunoynacom doyunoyn iyi oyn oyna oyun ,Game
https://www.kraloyun.com/Eglence-Oyunlari,onlin hemen bul eğe kraloy ücrets favori oyn kraloyuncom oyun ,Game
http://www.oyunkutusu.com/,güzel oyun kutu ,Game
https://www.fanoyunlar.com/,diğer tarayıç ücrets oynamak cihaz sır gör olarak mükemmel yan bin çevrimiç oyn kategori oyun mobil koleksiyon ,Game
http://oyun.mynet.com/rooms/unavailablemega.asp,onlin batak king tavl türkiye bilardo büyük bedav oyn olan oyun oynayabilirsinizbedav dam mynet satranç poker okey site pişt ,Game
http://www.oyunlar1.us/,oyun games oyunlarcom ,Game
http://www.oyunes.com/e/indirmeden_oyun_oyna.html,indirme güzel mini kraloy oyunes araba per yen oyn oyun ,Game
http://canimoyun.com/,güzel buyr site yen bedav oyna oyn sayfa canim oyun oynanır ,Game
https://www.tokoyun.com/,oyun iyi tok ,Game
http://www.oyunskor.us/,güzel skor abiye recep bedav oyn oyun bir lütfen popü kaydetme internet volfied ücrets harf olarak site sor oynayabilecek ,Game
https://www.oyunoyna.tv.tr/,tvtr çizg iyi oyn oyun film ,Game
https://www.oyunskor.com/oyunlar/3d-oyunlar,güzel oyun siz boyut skor bura d ,Game
https://oyungemisi.com/,onlin serbest oyungemisicom güzel site türki yen iyi oyn nin oyun gemi ,Game
https://www.oyna.tv.tr/,güvenilir güzel çizgifil tv toplandık izl tr site oynaoyunoynatvtroyunlarplaygamegames oyna oyn oyun ,Game
http://kraloyunoyna.gen.tr/,güzel siz yep ücrets kalite birbir bütün güncel site yen bedav bekliyor oyn yer oyun kral aldık ,Game
http://oyunlar.ch/,onlin best play on can devi games the be played web any oyunlarch gamesonlin that ,Game
http://www.oyunoyna.co/,cep oynayabils olarak yayınlıyor telefon site bedav oyn tablet eğlence düzen oyun co mobil çocuk yer ,Game
https://oyun101.com/,erkek iç güzel sevecek ücrets oynamak in kizlar seç biz bedav oyn oyun oyunlari çocuk koleksiyon ,Game
http://az.game-game.com/,onlin böyük lin download var oğlan v n yaxşı oyna oyn oyun bir gri top bilr flash si puls mini üç uşaqlar qızlar ,Game
http://www.oyunlar1.com/top500.htm,güzel onlar olduk sevilen yemek oyn hangi oyun top beşyüz oyunlarde sen si iyi eğlence oy araba liste katl oynanmış ,Game
http://oynaxoyun.com/,güzel oynaxoyuncom site oyn oyun kral ,Game
https://rotaoyun.com/,oyun bedav oyn ,Game
https://www.oyun.cc/,not acceptable ,Game
https://www.oyunkolu.com/oyunlar,flash güncel site yen sayfa birlik almak yer oyun kol detay eklenen ,Game
http://www.sunoyun.com/,oynanan güzel sun cep sunoyuncom sunoy telefon yen site oyn oyun mobil ,Game
http://www.tipoyun.com/,güzel iç seçtik siz tip oynayabilir bulabilir popü oyn tipoyuncom oyun ,Game
https://www.gezginler.net/indir/kucuk-oyunlar/,onlin motor yazılım download ara kayıt program bedav progra javascript oyun in webmaster küçük kategori gezg ücrets hizmet site kur resources döviz ,Game
https://www.roketoyun.com/,roket oynay hile onlar futbol hızl araba sade kız hergü site yen roketoy iyi oyn süper kork oyun ,Game
http://www.oyunoynatici.com/,player site oyna oyun bütün ,Game
http://www.maxoyun.com/,hemen oyunkraloy oyunmax oynakral arkaşlık başl max oynama site sen iyi oyn oyuncuoy oyun maxoyun ,Game
http://www.oyun.info/,gün güzel kullanış oyuninfo güncellenen tem yen oyn info tasar oyun içerik ,Game
https://www.oyunskor.com/oyunlar/spor-oyunlari,siz basketbol spor skor yüzm bekliyor oyun ,Game
http://www.oyunoyna.la/aa,oynanan ara hoşgel al yeni a bulunmak becer telefon oyn yılı yer oyun ,Game
https://www.oyunskor.club/,hemen trkiye skor oynanr flash bura hadi site sen iyi html btn oyn oyun durm ,Game
http://oyun.oyunda.mynet.com/,güvence ücrets birbir fark olarak mynet oyn oyun ,Game
https://www.oyunlar.com/,ücrets site iyi oyn oyun oyunlarcom ,Game
https://www.youtube.com/channel/UCawZkAcWo0Po58rtxSoqJRQ,paylaş yükle aile müzik dünya kamera youtube youtubeda telefon yükley içerik görüntü keyf orijinal çıkar ücrets sevdik video tüm arkadaş ,Game
https://www.oyunskor.com/oyunlar/top,top türkiye skor flash bura site iyi oyun oynanır ,Game
https://www.enyenioyunoyna.gen.tr/,internet güzel yenioyunoynagentr sahip adre site yen iyi oyn oyna oyun oynanır şans ,Game
http://azoyunoyna.com/yeni-oyunlar,oyun yen oyna oyn ,Game
https://www.trtcocuk.net.tr/oyunlar,rarafa gag ege trt keloğlan orman macera havaliman ip kaşif mobil trtcocuk mahalle bura eğle doktor oyn bulma oyun tornet kule al uzay bilgi tv köstebekgil in adas rafa televizyon can ister tayf sen gels tangra hayri mesele su kolay düş oynayabilir kanal kardeş site türki elif kare çocuk ,Game
https://oyun.mynet.com/oyunlar/araba-oyunlari.htm,merak ücrets fark araba oynamak tıklay olarak oyn mynet birçok oyun ,Game
https://oyun.mynet.com/oyunlar/online-oyunlar.htm,onlin güvence rakip fırsat oyn mynet kaçır geçm oyun teker ,Game
https://www.oyunskor.com/oyunlar/yeni,türkiye skor flash bura site yen iyi oyun oynanır ,Game
http://www.oyunavarim.com/,ücrets flash bedav oyn oyun ,Game
https://www.pacogames.com/driving/tr,onlin oynay ücrets popü bura oyn tescil oyun sürüş olma ,Game
https://oyun.mynet.com/oyunlar,güvence ücrets birbir fark olarak mynet oyn oyun ,Game
http://www.oyunoyna.la/,türkiye popü bura site yen bedav oyn html oyun oyunoyna mobil çocuk sunan ,Game
http://www.oyunoynamali.com/,güzel ateş oynayal birbir flash zeka akıl yapma doktor alan oyn yemek oyun oynayabilecek su ,Game
https://play.google.com/store/apps/category/GAME?hl=tr,buluna ,Game
http://oyunoynagit.com/eski-oyunlar,oyun esk oyn ,Game
http://www.oyunlar1.com/index-2.phtml,onlin komik tarif türkiye popü hazır numara site sen yen bedav iyi oyn oyunuoyoynabedavaarabayemek yemek oyun oyunlaroyunoyunlaroy ,Game
https://www.minikoyuncu.org/,güzel kalite minik minikoyuncuorg flash oyunç site bin bedav oyn oyun oynanır ,Game
http://oyunoynagit.com/,oyun git oyn ,Game
http://www.oyunoyna.az/,gözel onlin azrbayca skor v igra sayti games oyn oyun azer oyunoynaaz flash birçox alan yer maş puls maraqlı igr ,Game
http://www.bebekoyunu.com.tr/yenioyunlar/,kız yen barbi oyun bebek ,Game
http://www.bebekoyunu.com.tr/,ateş araba kız barbi oyn kişilik giydir oyun bebek su ,Game
https://www.pacogames.com/tr,onlin ücrets sade popü güncellenen çeşit site bahis iyi oyn günlük kategori ayrıl oyun pacogamescom ,Game
http://www.oyunskor.xyz/,güzel oynandık ara skor getiren resm oyunskorxyz site bedav oyn kaydetme oyunskorskoroyunkral oyun bir bütün ,Game
https://www.oyunkolu.com/,onlin güzel bakugan insa araba flash site yen oyunko yaş oyun kol oynayabilecek ,Game
https://www.oyunlarskor.com/,oynabü skoroyunskoroy platform skor veren tıklay skoroyunlarskoroyunoyunlaroy oyunlarhtml oyunskor tat html oyun oyuncu iyi eğlence oyunlarskorcom hizmet varabilir bütün ,Game
https://oyunlar.mynet.com/,güvence ücrets birbir fark olarak mynet oyn oyun ,Game
https://www.sarioyunlar.com/,,Game
https://oyun.mynet.com/okey,onlin hemen tavl king canl okey bedav mynet oyn batak smeet oyun ,Game
https://www.oyundedem.com/kategori/online-oyunlar.html,onlin internet oynanan güzel pc indirmes tarayıç ücrets oyuncu liste yen çevrimiç oyn web taban oyun multiplayer ,Game
http://www.oyunlarim.com.tr/,pas güzel d araba savaş kız yarış barbi yemek kişilik oyun bebek ,Game
http://www.3doyunlar.net/,oyun shockwave seçil bedav doyunlarnet d ,Game
https://www.oyunci.com/,güzel oyunci merkez site oyn dünya oyun oynanır oyuncicom ,Game
https://www.oyunskor.com/oyunlar,onlin friv oynay ücrets tek popü araba bura kişilik kadar oyun oyunskorcom ,Game
http://oyunoynagit.com/en-cok-oynanan-oyunlar,oynanan ok git tam ekran oyn oyun ,Game
https://www.cartoonnetwork.com.tr/oyunlar,onlin rex sayı network generator oynay cartoon networkte tim oyun fazl den popü adventure yönelik aksiyon ben siz ücrets bekliyor çocuk ,Game
https://www.microoyun.com/,onlin güzel yen d microoyuncom microoy bedav oyn giydir oyun mario komik flash savaş micro ben araba yarış barbi ,Game
https://www.oyunkolu.com/oyunlar/,flash güncel site yen sayfa birlik almak yer oyun kol detay eklenen ,Game
https://www.oyunlaroyunlar2.com/,komik oyunlari eitiç spor flash zeka site macera bedav barbi oyun yar kral ocuk ,Game
http://www.oyunu.com.tr/,güzel sosyal yen süper bedav oyn medya oyun araç oyunucomtr popü si eğlence nin güçl türkç türki site birlik oynayabilecek ,Game
https://oyunu.biz/,not acceptable ,Game
https://www.bynogame.com/Oyunlar,sat oyunlarıorig al uygun fiya bynogame oyunlaroy ite steam oyunlarıblizzard oyun alonlin ürün ,Game
https://oyunum.web.tr/,onlin güzel yen yemek motosiklet futbol bedav oyn oyun flash vb kategori indirme balon ücrets araba zeka patlat site yarış barbi oynayabilecek ,Game
http://oyunmoyunoyna.com/,ali ezm seviyor candy ayey futbol oyna oyn space oyun gerek sag zum moy flash tablet crush ben balon zombi patlat birds angry ,Game
https://tr.y8.com/,onlin unityd game yy var oynay sektör y games oyn son giydir oyun fazl den çıkan süre yıl ücrets lider ycom araba site video ,Game
https://oyun.mynet.com/oyunlar/zeka-oyunlari.htm,katmak siz tam hem ücrets oynamak değer zeka birbir fark gör oyn mynet oyun istiyor ,Game
http://azoyunoyna.com/,gel sklsa zaman oyn cann oyun ,Game
https://www.limitsizamca.org/oyunlar/pc-oyunlari/,of andreas call duty oyun fifia full fpsrpg fps tek pes in rpg link kategori san gta pc site ,Game
https://www.kraloyun.com/Online-Oyunlar,onlin hemen bul kraloy ücrets favori oyn kraloyuncom oyun ,Game
http://www.kraloyun.link/,,Game
http://www.oyunuoyna.com/,güzel siz ücrets site yen oyn dünya oyun sunan sunuyor ,Game
https://tr.y8.com/best,onlin mini oyun unity çıkar fazla ücrets ycom flash bura tat site android yen iyi oyn html d ,Game
https://www.kizoyunlari.org/,güzel buluşuyor siz eğlenip kent bura kız barbi eğlence geliştirecek kizoyunlariorg oyun oyunlari qiz ,Game
https://oyunmor.com/,onlin oyunmorcom ücrets oyn eğlence oyun ,Game
http://www.io-oyunlar.com/,kategor ücrets io oynamak popü liste seç yen oyn eğlence oyun bütün başlay ,Game
https://www.oyunskor.com/oyunlar/beceri-oyunlari,bulma siz skor becer bekliyor oyun yetenek ,Game
http://www.oyunbus.com/,güzel oyun oyunbus eğitiç sunar oyunoynazekaarabaoyunukızgiydirmeoyun oyn eğlence dünya oyunbuscom ,Game
https://www.kraloyun.com/Tip_Oyunlar,onlin aran klasik kraloy ücrets skor galer heyecan taraf hayırlan öneri oyn iyi oyun hit uyman ,Game
https://www.kraloyun.online/,ücrets skor bütün site karal bedav oyn mynet oyna sabah oyun kral ,Game
http://www.oyunpet.com/,güzel türkiye oyunpet bulabilecek oyunoyn türkç yen site oyna oyn oyun pet ,Game
https://www.oyunkuzusu.com/,türkç oyun kuzu ,Game
https://www.oyuntak.com/,,Game
https://ezoyun.com/,ezoyuncom ücrets kız oyn dünya oyun ,Game
http://www.oyunoyna33.com/,oyunoynacom güzel şimşek siz ateş tek d oynama adre site yen oyn süper oyun bir mekkui su ,Game
https://www.mynet.com/,platform yemek sinema seyahat çekebilecek bura kat hav son oyun dur sağlık al fazla tarif spor burç fiyat mynet nin internet siz lider haber güncel türki birçok dakika video servis ilg ,Game
http://www.oyunoyna.name.tr/,d oyunoyn oyn oyun kral ,Game
http://www.oyunus.org/,kalite site oyun bedav ,Game
http://www.oyuns.com/,oyun oyn iyi oyunscom ,Game
https://www.oyundevim.com/,ücrets güzel oyun oyn ,Game
http://oyunda-src.mynet.com/,güvence ücrets birbir fark olarak mynet oyn oyun ,Game
https://oyun.mynet.com/oyunlar/oyunlar/oyun-ara/,onlin hemen fazl gel myne flash tıkl bedav iyi mynet oyn oyun ,Game
http://hupoyunlar.com/index.php,oyun oyn hüp ,Game
http://oyunoynay.org/,,Game
https://www.oyunmoyun.com/en-yeni-oyunlar.html,oynanan oyunlaren kral moy zaman oyunlaroy site yen iyi oyun oyunlarkral oynaen ,Game
http://www.oyunuoyna.org/,oyun bedav oyn ,Game
http://www.butunoyunlar.org/,güzel flash site yen bedav oyun bütün oynayabilecek ,Game
http://hupoyunlar.com/oyun-moyun,oyun moy ,Game
https://www.microoyun.com/en-guzel-oyunlar.aspx,onlin güzel d popü bedav kişilik oyn iyi süper oyun ,Game
https://www.oyundedem.com/,indirme hemen şimt ücrets kalite bulabilecek dede seçil eğle bedav site oyn oyun bütün ,Game
https://oyun.mynet.com/oyunlar/kagit-oyunlari.htm,onlin hemen fazl gel myne flash tıkl bedav iyi oyn mynet oyun kağıt ,Game
https://www.microoyun.com/bedava-oyunlar,onlin güzel flash yen bedav oyn süper oyun bütün ,Game
https://www.1001oyun.com/,onlin oyuncom orta ücrets seç eğlen favori iyi oyn son yaş mo oyun çocuk ,Game
https://oyunuzayi.com/,uzay türkiye kalite site ik oyn kişilik iyi adres oyun oynanır uzayi mario ,Game
http://www.oyunlar2.org/,oyun oyunlarorg ,Game
http://www.oyunlar1.com/index.asp,onlin gamesflash thes platform new everyday fre gamesplayoyunlaroy puzzle all carcookingfre gameenglish games the include gamesoy oyunlaroyoy oyun best sports play most can or adventure gamesgameonlin oy even yo try fun popu offers ,Game
https://oyunlarr.com/,oyunlarrcom oyun oyn ,Game
http://www.oyunoyna.info/,oyunoynainfo oy kraloy flash oynatürkiye site yen bedav iyi oyn oyun kral ,Game
http://www.kitoyun.com/,güzel kitoyuncom yen süper oyun bütün ,Game
https://oyun.mynet.com/mmo-oyunlari.asp,onlin hemen browser mmorpg ücrets liste tıkl iyi mynet mmo oyun ,Game
http://www.oyun10.com/,güzel oyun ,Game
http://www.minioyun.org/oyun/yeni-oyunlar,güzel oyunküçük oyunlarflash oyunlaren oynaoyunlarımin oyunlarbedav yen iyi oyunoyunlaroy oyun oynaen ,Game
https://www.oyunmoyun.com/,balon bakugan türkiye ten zum moy patlat flash bura site yen oyun oynanır ben ,Game
http://oyun.azeri.net/,gözel siz vaxt oyunaz birbir edirik game flash yaxsi keçirme arzu games sayt oyn oyun azer gözleyir ,Game
https://www.oyunskor.com/oyunlar/cok-oyunculu,türkiye skor oyuncu flash bura site iyi oyun oynanır ,Game
https://www.oyunkuzusu.com/en-guzel-oyunlar.html,güzel oyun türkç kuzu ,Game
https://www.oyunskor.com/oyunlar/kiz-oyunlari,bulunduk merkez skor oyunskor kız güncel oyun oynanır ,Game
https://www.kraloyun.com/En-Iyi-Oylanan-Oyunlar,onlin yen solitair yemek harika pişir mahjong kayıt futbol olmaksız oyn oyun fazl den indirme balon kraloy ücrets patlat tetris ,Game
http://www.oyunim.com/,oyun siz hem kalite flash çeşit sunar site yen bedav oyn oyunim kategori oyunimcom çocuk ,Game
http://www.oyunlar1.com/index-4.phtml,onlin komik tarif türkiye popü hazır numara site sen yen bedav iyi oyn oyunuoyoynabedavaarabayemek yemek oyun oyunlaroyunoyunlaroy ,Game
https://www.oyunskor.com/oyunlar/io-oyunlari,türkiye skor io flash bura site iyi oyun oynanır ,Game
http://www.oyunbul1.com/,güzel bul siz türkiye skor oyunskor oynamak işin büyük site skoroy oyn oyun topl işim ,Game
https://oyun-oyna.gamer.com.tr/,hemen gzel crets oyn oyun ,Game
http://8oyunlar.com/,onlin var oynay sek ücrets hava ser bin bedav yarış iyi üzer oyun oyunlarcom ,Game
http://oyunpot.net/,pot oyun bütün oyn ,Game
http://oyunoynagit.com/yeni-oyunlar,git tam ekran yen oyn oyun ,Game
https://www.rekoroyun.com/,güzel siz ücrets birbir geçirebilecek vakit bir si özen bedav seçil oyn eğlence bekliyor oyun rekor oynayıp ,Game
https://www.takvim.com.tr/oyun,takvim oyun yen oyn ,Game
http://www.oyunlar1.com/,onlin komik tarif türkiye popü hazır numara site sen yen bedav iyi oyn oyunuoyoynabedavaarabayemek yemek oyun oyunlaroyunoyunlaroy ,Game
http://www.oyuncenneti.com/,oyun cenn ,Game
http://www.bedavaoyun.gen.tr/,güzel ücrets bedav oyn oyun ,Game
http://www.eoyunlar.com/,eoy oyun oynanan sevilen ,Game
https://oyun.mynet.com/oyunlar/kiz-oyunlari.htm,ara ücrets oynadık oynamak kız olarak çokç tıklay mynet oyn oyun bir topl ,Game
http://www.cenkoyun.com/,onlin geçirmek haydi cenk macera yen kişilik süper isteyen binlerce kalite futbol oyn oyun oynanır savaş dövüş zaman ik cenkoy siz ücrets fark bekliyor ,Game
https://www.sabah.com.tr/oyun,güzel eğlence oyn sabah oyun ,Game
https://oyun.mynet.com/,onlin yen kişilik batak king tavl kişlik maynetpopuler oyn smeet oyun ihale onlıneonlayn oyunlarıoy tek popü flash iyi mynet ik populer araba poker kız okey yarış barbi çocuk ,Game
https://www.gezginler.net/oyunlar/,onlin gezg mmorpg oyuncu mmo oyun ,Game
https://www.oyunuoyna.com.tr/,hemen güzel türkiye birbir popü flash resm tıkl site yen oyn oyun ,Game
https://oyungemisi.com/yeni/,oynamak tıkl özen seçil taraf yen ı oyun gemi ,Game
https://poki.com/,onlin alone game fre support to poki games the at lets best school play most friends on can and or we experience yo home has fun with selection offers ,Game
https://www.oyunskor.com/,güzel diğer skor yen web kiz multiplayer oynay türkiye bedav çevrimiç html oyun oyunskorcom spor savaş iyi aksiyon oyunlari zombi araba site ,Game
https://www.trtcocuk.net.tr/oyunlar,rarafa gag ege trt keloğlan orman macera havaliman ip kaşif mobil trtcocuk mahalle bura eğle doktor oyn bulma oyun tornet kule al uzay bilgi tv köstebekgil in adas rafa televizyon can ister tayf sen gels tangra hayri mesele su kolay düş oynayabilir kanal kardeş site türki elif kare çocuk ,Game
https://oyungemisi.com/yeni/,oynamak tıkl özen seçil taraf yen ı oyun gemi ,Game
http://www.oyunlar1.com/,onlin komik tarif türkiye popü hazır numara site sen yen bedav iyi oyn oyunuoyoynabedavaarabayemek yemek oyun oyunlaroyunoyunlaroy ,Game
https://www.guvenlicocuk.org.tr/oyun,internet bırak güven merkez skor rakip geri yap yük katıl serüven eğlence web oyun bir çocuk ,Game
https://www.cartoonnetwork.com.tr/oyunlar,onlin rex sayı network generator oynay cartoon networkte tim oyun fazl den popü adventure yönelik aksiyon ben siz ücrets bekliyor çocuk ,Game
https://www.kraloyun.com/Cocuk-Oyunlari,onlin hemen bul kraloy ücrets favori oyn kraloyuncom oyun çocuk ,Game
https://www.boomerangtv.com.tr/games,onlin tvde çizg taş süper harika devr jerry oyunlarıboomerangboomerang bura tunes oyn oyun boomerang tv niç tom film oynaücrets ücrets oyunlarıtom looney çocuk ,Game
https://www.funnygames.com.tr/,onlin biz var tarz oynay zevk herk eğle bedav oyn oyun bir başlay spor oyuncu dövüş seçip funnygames oynama yarış kağıt ,Game
https://tr.y8.com/,onlin unityd game yy var oynay sektör y games oyn son giydir oyun fazl den çıkan süre yıl ücrets lider ycom araba site video ,Game
https://www.kraloyun.com/Eglence-Oyunlari,onlin hemen bul eğe kraloy ücrets favori oyn kraloyuncom oyun ,Game
http://oyun.mynet.com/,onlin yen kişilik batak king tavl kişlik maynetpopuler oyn smeet oyun ihale onlıneonlayn oyunlarıoy tek popü flash iyi mynet ik populer araba poker kız okey yarış barbi çocuk ,Game
https://www.joygame.com/,onlin mmorpg mmo web taban fre mobil tarayıç porta eğle oyn multiplayerclient mmorts oyun mmos dijital fps rpg mmofps aksiyon pc ücrets joygame site client ,Game
https://www.cevkococuk.org/index.php?option=com_content&view=category&layout=blog&id=12&Itemid=106,çevko çocuk ,Game
https://www.xbox.com/tr-TR/games/xbox-one,deney seri yen sa oynay games gold özel oyun ödül deals oyuncu iyi zamankin xbox sevdik one gelecek with video liv ,Game
https://playcell.com/,ücrets oyun playcellcom çevrimiç ,Game
https://www.oyunlar.com/,ücrets site iyi oyn oyun oyunlarcom ,Game
https://www.oyunkolu.com/oyunlar/,flash güncel site yen sayfa birlik almak yer oyun kol detay eklenen ,Game
https://www.mentalup.net/zeka-oyunlari,geliştiriç birbir keşfetmek beceri tan ara oyn oyun bir fazl geliştirmek sevecek man akıl mentalup zihinsel eğlence potansiyel zeka yürüt ,Game
https://www.epicgames.com/store/tr/,mac official a store epicgamesfortniteepicgamesdownloadlauncherloginstoreactivatefa players epic games creators both storefront in for si and mind pc digital designed with curated ,Game
https://play.barbie.com/tr-tr,fazla süslen ürün aktivi keşfet kız mümk barbi eğlence dünya video oyun yarat çocuk baş ,Game
https://www.oyunatolyesi.com/oyun,atölye oyun ,Game
https://store.playstation.com/tr-tr/grid/STORE-MSF75508-PLUSINSTANTGAME,,Game
https://sehirtiyatrolari.ibb.istanbul/Activity,oyun ibb şehir tiyatro ,Game
https://www.stardoll.com/tr/dolls-games/,dünyan süsl yarat sevdik kent stardoll giyin türkç ünlü oyn stil mo oyun değiş bebek ,Game
http://oyun.minika.com.tr/,güzel motor stratej dünyasn macera minika yar kiilik puzzle zekastratej kalite basketbol futbol bura oyun spor golf boya becer siz araba zeka dier ,Game
https://www.guvenlioyna.org.tr/,,Game
http://www.oyunmoyun.com/en-yeni-oyunlar.html,oynanan oyunlaren kral moy zaman oyunlaroy site yen iyi oyun oyunlarkral oynaen ,Game
https://www.sadikuygun.com.tr/oyunlar,kon cevap uygun kod ders sa ayt soru anlatım sınav sor set matematik oyun yayın tyt değerlendir yorum çözüm lgs anahtar üni spot banka sınıf iyi hazırlık eğit test sonuç kare z kitap ,Game
https://tr.uptodown.com/android/games,bulma geliştiril uygula ücrets pubg stratej li indir android vb salon iyi diz oyun stars mobi brawl ,Game
https://www.gamesatis.com/tum-oyunlar,hemen sat şekil güven arayabilir hızl epin alabilir görebilir site bir sayfa oyun gamesatış ürün ,Game
https://goldmasterhome.com/index.php?route=product/category&path=329,,Game
http://cocuk.meb.gov.tr/oyunlar,çocuk meb ,Game
https://www.playstore.com/,platform fatura playstorecom fre ulaşabilir ay türkiye to sahip paket taksit oyun dijital play popü olabilir pcmac internet nokta ,Game
http://oyunoyna.az/,gözel onlin azrbayca skor v igra sayti games oyn oyun azer oyunoynaaz flash birçox alan yer maş puls maraqlı igr ,Game
https://www.hobioyun.com/,puzzle spor hobi araba flash macera yarış yen son oyun ,Game
https://www.oyundedem.com/cok-oynanan-oyunlar.html,oynanan güzel beğenilen indirme zevk ücrets popü sevilen site bedav iyi oyn eğlence oyun bütün ,Game
https://www.gezginler.net/oyunlar/,onlin gezg mmorpg oyuncu mmo oyun ,Game
http://www.oyunim.com/,oyun siz hem kalite flash çeşit sunar site yen bedav oyn oyunim kategori oyunimcom çocuk ,Game
https://support.riotgames.com/hc/tr/articles/204010760-Dereceli-Oyunlar-Hakk%C4%B1nda-S%C4%B1k%C3%A7a-Sorulan-Sorular,mevcut destek baktık oyunç games sayf değil riot ,Game
https://www.barbioyunu.com.tr/barbie-oyunlari/,güzel makyaj kız barbi giydir oyun bebek ,Game
https://www.oyundevim.com/oyun/yeni-oyunlar,oyun yen oyn ,Game
http://www.isg4competence.com/tr/oyunlar.html,marribor such serious ubited user available competencies stimulations istanbul help developing compete pannonia interactiv disabilities transversal by d of opportunities project social lifelong generated youth to disabilitiy children special games the accessibility oyun partnership as development attractiveness strategic creativ improve diffuculties on for increase and university learning mobi creativeness scenarios acquiring isg act sehir erasmus cognitiv intelligent studio education personal dok with quality integration ,Game
https://www.roblox.com/GAMES,roblox fre computer of smartphone oculus millions games mmogaming gamesbuilding play on rift eng and your tablet gamesonlin worldsfree cloudphysics xbox gamesvirtual more one ,Game
http://www.roketoyun.com/,roket oynay hile onlar futbol hızl araba sade kız hergü site yen roketoy iyi oyn süper kork oyun ,Game
http://akiloyunlari.halici.com.tr/,halc oyun akl emrehan ,Game
https://www.oyunbufem.com/ps4-oyunlari/,garanti fifa uygun rdr redemption dead of psn hızl plus oyunbufemcom oyun dijital destek ps uncharted red iyi playstation war god indir sony ,Game
http://www.maxoyun.com/,hemen oyunkraloy oyunmax oynakral arkaşlık başl max oynama site sen iyi oyn oyuncuoy oyun maxoyun ,Game
https://www.friv.com.tr/,gün friv güzel oynay tarayıç kalite bulabilir takip yük seçil yen oyun et eklenen ,Game
https://www.rekoroyun.com/,güzel siz ücrets birbir geçirebilecek vakit bir si özen bedav seçil oyn eğlence bekliyor oyun rekor oynayıp ,Game
https://www.oyunlarskor.com/,oynabü skoroyunskoroy platform skor veren tıklay skoroyunlarskoroyunoyunlaroy oyunlarhtml oyunskor tat html oyun oyuncu iyi eğlence oyunlarskorcom hizmet varabilir bütün ,Game
http://www.oyunu-oyna.com/,güzel siz temizlik araba dövüş kız türkç site yen bedav oyn oyun mario ,Game
https://www.egitimdizayn.com/,ilk ankar eğitiç eğit zeka akıl oyunlareğitiç oyuncak mağaza dizayn geliştiriç oyun ankara ,Game
http://www.bebekoyunu.com.tr/,ateş araba kız barbi oyn kişilik giydir oyun bebek su ,Game
http://www.3doyunlar.net/,oyun shockwave seçil bedav doyunlarnet d ,Game
http://www.korsanoyun.com/,,Game
http://www.enkolayoyunlar.com/,rahatlk kolay kk trkiye basit siz herk yen gzel oynayabilece oyn dnyann bekliyor oyun byk ocuk ,Game
http://www.debian.org.tr/Oyun:%C4%B0%C3%A7indekiler,türki debian oyuniç ,Game
http://www.zekaoyunlari.com/,onlin puzzle sudok bey zeka resm akıl site türk takım satış kut oyun parl ,Game
https://www.oyunalisveris.com/,met oyunç satış steam ep alışveriş oyun ürün ,Game
https://tr.oasgames.com/,onlin oyunlarıstratej pc oyun mmo oyunlarıücrets ücrets yayınlayan stratej türkç ios games client porta web taban oasis ,Game
https://www.furkanozden.net/2019/01/bilgisayarda-oynanan-en-guzel-oyunlar.html,güzel gelişme kullanılıyor sektör blog yararlanılan oyun bir furkan oynanan bilgisayar iletiş alan aktif hemen teknoloji öz birlik şekil bilgi ,Game
https://www.hilelioyun.net/,game oynabedav yen sons te oyunlarhacked hilelioyunnet adre hil gamesçocuk bedav oyunlarbedav oyn oynaoy oyun böl can oyunlarücrets oynaücrets hemen hile ücrets sınırs açık oynama şekil çocuk ,Game
https://oyun.tzv.org.tr/,yarışma oyun zeka türki ,Game
http://www.tufekoyunlari.net/,güzel nişan silah savaş taba oyn oyun tüfek ,Game
http://www.oyunder.org/snapchat-oyunlarda-bitmoji-kullanilmasina-olanak-taniyacak-sdksini-yayimladi/,platform yay yen dünya yarat snapchat sunma oyun bir sdksin tanıyacak snapchatduyurduk heyecan kullanılma sdksi karakter olanak oyunder bitmoji planlayan ,Game
https://tr.leagueoflegends.com/tr/game-info/,bilgi league legends oyun of ,Game
https://ozmo.com.tr/,dol çıkar lezzet hoş birbir keyf çikola ozmo eğlence dünya oyun arkadaş gelt ,Game
https://www.hesgames.com/,gösteren hes yazıl mobil üretmek sektör türkiye games firma oyun bir faaliyet masaüs geliştirmek yap mmofps türk aktif olarak uygula ,Game
https://www.oyunfor.com/,uygun kod satış konsol mobil türkiye ep oyun kot dijital oyunforcom tveğle fazla popü fiyat cdkey ilan pc digital pazar site alışveriş ,Game
